2026-02-20 22:34:31 | INFO     | INIT                 | ================================================================================
2026-02-20 22:34:31 | INFO     | INIT                 | 🚀 Starting new Fast-Cashflow hunting cycle...
2026-02-20 22:34:31 | INFO     | INIT                 | ================================================================================
2026-02-20 22:34:31 | INFO     | SETUP                | 🔧 Initializing modules...
2026-02-20 22:34:31 | INFO     | SETUP                | ✓ All modules ready
2026-02-20 22:34:31 | INFO     | SCRAPING             | 🌐 Fetching from 20 Reddit URLs...
2026-02-20 22:35:22 | INFO     | SCRAPING             | ✓ Fetched 310 raw posts from Reddit
2026-02-20 22:35:22 | INFO     | FILTERING            | 🔍 Starting multi-stage filtering on 310 posts...
2026-02-20 22:35:22 | INFO     | FILTERING            | 
2026-02-20 22:35:22 | DEBUG    | POST-1/310           | 📝 Processing: [For Hire] Full-Stack Developer: $3500 Idea to Production in...
2026-02-20 22:35:22 | DEBUG    | POST-1/310           | 🚫 Rejected: intent_for_hire
2026-02-20 22:35:22 | DEBUG    | POST-2/310           | 📝 Processing: [FOR HIRE]...
2026-02-20 22:35:22 | DEBUG    | POST-2/310           | 🚫 Rejected: intent_for_hire
2026-02-20 22:35:22 | DEBUG    | POST-3/310           | 📝 Processing: [For Hire] - Data Curator | Virtual Assistant | SEO Content ...
2026-02-20 22:35:22 | DEBUG    | POST-3/310           | 🚫 Rejected: intent_for_hire
2026-02-20 22:35:22 | DEBUG    | POST-4/310           | 📝 Processing: [For hire] I will build custom AI Workflows and Automations ...
2026-02-20 22:35:22 | DEBUG    | POST-4/310           | 🚫 Rejected: intent_for_hire
2026-02-20 22:35:22 | DEBUG    | POST-5/310           | 📝 Processing: [For Hire] London UK, seeking an internship, hear me out, pl...
2026-02-20 22:35:22 | DEBUG    | POST-5/310           | 🚫 Rejected: intent_for_hire
2026-02-20 22:35:22 | DEBUG    | POST-6/310           | 📝 Processing: [For Hire] 🔧 E3D Piping Designer / E3D Admin &amp; Mechanica...
2026-02-20 22:35:22 | DEBUG    | POST-6/310           | 🚫 Rejected: intent_for_hire
2026-02-20 22:35:22 | DEBUG    | POST-7/310           | 📝 Processing: [FOR HIRE] UI/UX Designer | Web &amp; Mobile Apps | Figma | ...
2026-02-20 22:35:22 | DEBUG    | POST-7/310           | 🚫 Rejected: intent_for_hire
2026-02-20 22:35:22 | DEBUG    | POST-8/310           | 📝 Processing: [For Hire] Proofreader...
2026-02-20 22:35:22 | DEBUG    | POST-8/310           | 🚫 Rejected: intent_for_hire
2026-02-20 22:35:22 | DEBUG    | POST-9/310           | 📝 Processing: [For Hire] Agency specializing in custom SaaS platforms, int...
2026-02-20 22:35:22 | DEBUG    | POST-9/310           | 🚫 Rejected: intent_for_hire
2026-02-20 22:35:22 | DEBUG    | POST-10/310          | 📝 Processing: [For Hire] Ops Coordination and Community Management...
2026-02-20 22:35:22 | DEBUG    | POST-10/310          | 🚫 Rejected: intent_for_hire
2026-02-20 22:35:22 | DEBUG    | POST-11/310          | 📝 Processing: [For Hire] Copywriter Who Helps You Turn Traffic Into Revenu...
2026-02-20 22:35:22 | DEBUG    | POST-11/310          | 🚫 Rejected: intent_for_hire
2026-02-20 22:35:22 | DEBUG    | POST-12/310          | 📝 Processing: [FOR HIRE] Fullstack developer - build mvps, debug and deplo...
2026-02-20 22:35:22 | DEBUG    | POST-12/310          | 🚫 Rejected: intent_for_hire
2026-02-20 22:35:22 | DEBUG    | POST-13/310          | 📝 Processing: [For Hire] For those who are hiring or need help with there ...
2026-02-20 22:35:22 | DEBUG    | POST-13/310          | 🚫 Rejected: intent_for_hire
2026-02-20 22:35:22 | DEBUG    | POST-14/310          | 📝 Processing: [FOR HIRE]Experienced Virtual Assistant Ready to Streamline ...
2026-02-20 22:35:22 | DEBUG    | POST-14/310          | 🚫 Rejected: intent_for_hire
2026-02-20 22:35:22 | DEBUG    | POST-15/310          | 📝 Processing: [For Hire] Your US-Based Phone Wingman – Tough Calls, Breaku...
2026-02-20 22:35:22 | DEBUG    | POST-15/310          | 🚫 Rejected: intent_for_hire
2026-02-20 22:35:22 | DEBUG    | POST-16/310          | 📝 Processing: [For Hire] Senior Graphic Designer...
2026-02-20 22:35:22 | DEBUG    | POST-16/310          | 🚫 Rejected: intent_for_hire
2026-02-20 22:35:22 | DEBUG    | POST-17/310          | 📝 Processing: [Hiring] Perk task $ Easy work dm for more information...
2026-02-20 22:35:22 | DEBUG    | POST-17/310          | 🔍 Performing deep bot check for user: RepairAcademic3138
2026-02-20 22:35:24 | DEBUG    | POST-17/310          | 🎯 Relevance score: 5
2026-02-20 22:35:24 | INFO     | POST-17/310          | 🧠 Analyzing with Local AI (Ollama)...
2026-02-20 22:35:38 | SUCCESS  | 💎 OPPORTUNITY        | 🎉 HIGH VALUE FOUND! Score: 35
2026-02-20 22:35:38 | SUCCESS  | 💎 OPPORTUNITY        |    Title: Perk task
2026-02-20 22:35:38 | SUCCESS  | 💎 OPPORTUNITY        |    Price: $2mins work each
2026-02-20 22:35:38 | SUCCESS  | 💎 OPPORTUNITY        |    Stack: 
2026-02-20 22:35:38 | SUCCESS  | 💎 OPPORTUNITY        |    URL: https://reddit.com/r/forhire/comments/1ra5nli/hiring_perk_ta...
2026-02-20 22:35:38 | INFO     | ALERTING             | 📲 Sending Telegram alert...
2026-02-20 22:35:39 | INFO     | ALERTING             | ✓ Alert sent and saved to DB
2026-02-20 22:35:39 | DEBUG    | POST-18/310          | 📝 Processing: [FOR HIRE] Same-Day Music Cover Art – $20 (20–40 Min Deliver...
2026-02-20 22:35:39 | DEBUG    | POST-18/310          | 🚫 Rejected: intent_for_hire
2026-02-20 22:35:39 | DEBUG    | POST-19/310          | 📝 Processing: [For hire] marketer and VA looking for remote job opportunit...
2026-02-20 22:35:39 | DEBUG    | POST-19/310          | 🚫 Rejected: intent_for_hire
2026-02-20 22:35:39 | DEBUG    | POST-20/310          | 📝 Processing: [For Hire] Logo Designer | Branding Specialist - Your Brand'...
2026-02-20 22:35:39 | DEBUG    | POST-20/310          | 🚫 Rejected: intent_for_hire
2026-02-20 22:35:39 | DEBUG    | POST-21/310          | 📝 Processing: [For Hire] STEM student; looking for work. Will do any resea...
2026-02-20 22:35:39 | DEBUG    | POST-21/310          | 🚫 Rejected: intent_for_hire
2026-02-20 22:35:39 | DEBUG    | POST-22/310          | 📝 Processing: [For Hire] Game UI/UX Designer looking for work...
2026-02-20 22:35:39 | DEBUG    | POST-22/310          | 🚫 Rejected: intent_for_hire
2026-02-20 22:35:39 | DEBUG    | POST-23/310          | 📝 Processing: [For Hire] Professional Video Editor, long &amp; Short-Form ...
2026-02-20 22:35:39 | DEBUG    | POST-23/310          | 🚫 Rejected: intent_for_hire
2026-02-20 22:35:39 | DEBUG    | POST-24/310          | 📝 Processing: [hiring] pro-video editor [ $1000 ]...
2026-02-20 22:35:39 | DEBUG    | POST-24/310          | 🔍 Performing deep bot check for user: 0x-Eleven
2026-02-20 22:35:41 | DEBUG    | POST-24/310          | 🎯 Relevance score: 20
2026-02-20 22:35:41 | INFO     | POST-24/310          | 🧠 Analyzing with Local AI (Ollama)...
2026-02-20 22:35:44 | SUCCESS  | 💎 OPPORTUNITY        | 🎉 HIGH VALUE FOUND! Score: 70
2026-02-20 22:35:44 | SUCCESS  | 💎 OPPORTUNITY        |    Title: Pro Video Editor Opportunity
2026-02-20 22:35:44 | SUCCESS  | 💎 OPPORTUNITY        |    Price: $1000
2026-02-20 22:35:44 | SUCCESS  | 💎 OPPORTUNITY        |    Stack: 
2026-02-20 22:35:44 | SUCCESS  | 💎 OPPORTUNITY        |    URL: https://reddit.com/r/forhire/comments/1ra0aev/hiring_provide...
2026-02-20 22:35:44 | INFO     | ALERTING             | 📲 Sending Telegram alert...
2026-02-20 22:35:45 | INFO     | ALERTING             | ✓ Alert sent and saved to DB
2026-02-20 22:35:45 | DEBUG    | POST-25/310          | 📝 Processing: [Hiring] Senior Python Engineer US-scale business intelligen...
2026-02-20 22:35:45 | DEBUG    | POST-25/310          | 🔍 Performing deep bot check for user: Moiz_khurram
2026-02-20 22:35:48 | DEBUG    | POST-25/310          | 🎯 Relevance score: 48
2026-02-20 22:35:48 | INFO     | POST-25/310          | 🧠 Analyzing with Local AI (Ollama)...
2026-02-20 22:35:53 | SUCCESS  | 💎 OPPORTUNITY        | 🎉 HIGH VALUE FOUND! Score: 148
2026-02-20 22:35:53 | SUCCESS  | 💎 OPPORTUNITY        |    Title: Senior Python Engineer for Business Intelligence Pipeline
2026-02-20 22:35:53 | SUCCESS  | 💎 OPPORTUNITY        |    Price: $500-$650
2026-02-20 22:35:53 | SUCCESS  | 💎 OPPORTUNITY        |    Stack: Python, Playwright (preferred), Botasaurus (preferred), Queue-based architecture, Concurrent workers, Resumable jobs, Checkpointing, Google Cloud VM
2026-02-20 22:35:53 | SUCCESS  | 💎 OPPORTUNITY        |    URL: https://reddit.com/r/forhire/comments/1r9zxod/hiring_senior_...
2026-02-20 22:35:53 | INFO     | ALERTING             | 📲 Sending Telegram alert...
2026-02-20 22:35:54 | INFO     | ALERTING             | ✓ Alert sent and saved to DB
2026-02-20 22:35:54 | DEBUG    | POST-26/310          | 📝 Processing: [FOR HIRE] WordPress Custom Design &amp; Development - Start...
2026-02-20 22:35:54 | DEBUG    | POST-26/310          | 🚫 Rejected: intent_for_hire
2026-02-20 22:35:54 | DEBUG    | POST-27/310          | 📝 Processing: [for hire] professional Graphic designer...
2026-02-20 22:35:54 | DEBUG    | POST-27/310          | 🚫 Rejected: intent_for_hire
2026-02-20 22:35:54 | DEBUG    | POST-28/310          | 📝 Processing: [For Hire] Offering graphic design services (vector work and...
2026-02-20 22:35:54 | DEBUG    | POST-28/310          | 🚫 Rejected: intent_for_hire
2026-02-20 22:35:54 | DEBUG    | POST-29/310          | 📝 Processing: [For hire] 3D generalist character artist, Full time, remote...
2026-02-20 22:35:54 | DEBUG    | POST-29/310          | 🚫 Rejected: intent_for_hire
2026-02-20 22:35:54 | DEBUG    | POST-30/310          | 📝 Processing: [For Hire] I’ll build a targeted list of 200 decision-makers...
2026-02-20 22:35:54 | DEBUG    | POST-30/310          | 🚫 Rejected: intent_for_hire
2026-02-20 22:35:54 | DEBUG    | POST-31/310          | 📝 Processing: [Hiring] Looking to connect with a few web dev agencies (ste...
2026-02-20 22:35:54 | DEBUG    | POST-31/310          | 🔍 Performing deep bot check for user: Worried_Counter_7924
2026-02-20 22:35:57 | DEBUG    | POST-31/310          | 🎯 Relevance score: 5
2026-02-20 22:35:57 | INFO     | POST-31/310          | 🧠 Analyzing with Local AI (Ollama)...
2026-02-20 22:36:00 | SUCCESS  | 💎 OPPORTUNITY        | 🎉 HIGH VALUE FOUND! Score: 80
2026-02-20 22:36:00 | SUCCESS  | 💎 OPPORTUNITY        |    Title: Web Dev Agencies for Hosting Partnership
2026-02-20 22:36:00 | SUCCESS  | 💎 OPPORTUNITY        |    Price: $750
2026-02-20 22:36:00 | SUCCESS  | 💎 OPPORTUNITY        |    Stack: 
2026-02-20 22:36:00 | SUCCESS  | 💎 OPPORTUNITY        |    URL: https://reddit.com/r/forhire/comments/1r9taye/hiring_looking...
2026-02-20 22:36:00 | INFO     | ALERTING             | 📲 Sending Telegram alert...
2026-02-20 22:36:01 | INFO     | ALERTING             | ✓ Alert sent and saved to DB
2026-02-20 22:36:01 | DEBUG    | POST-32/310          | 📝 Processing: [HIRING] Client Acquisition &amp; Retention Strategist for E...
2026-02-20 22:36:01 | DEBUG    | POST-32/310          | 🔍 Performing deep bot check for user: Zestyclose-Teach-867
2026-02-20 22:36:04 | DEBUG    | POST-32/310          | 🎯 Relevance score: 10
2026-02-20 22:36:04 | INFO     | POST-32/310          | 🧠 Analyzing with Local AI (Ollama)...
2026-02-20 22:36:07 | SUCCESS  | 💎 OPPORTUNITY        | 🎉 HIGH VALUE FOUND! Score: 90
2026-02-20 22:36:07 | SUCCESS  | 💎 OPPORTUNITY        |    Title: Client Acquisition & Retention Strategist
2026-02-20 22:36:07 | SUCCESS  | 💎 OPPORTUNITY        |    Price: $20 per hour
2026-02-20 22:36:07 | SUCCESS  | 💎 OPPORTUNITY        |    Stack: 
2026-02-20 22:36:07 | SUCCESS  | 💎 OPPORTUNITY        |    URL: https://reddit.com/r/forhire/comments/1r9srqe/hiring_client_...
2026-02-20 22:36:07 | INFO     | ALERTING             | 📲 Sending Telegram alert...
2026-02-20 22:36:08 | INFO     | ALERTING             | ✓ Alert sent and saved to DB
2026-02-20 22:36:08 | DEBUG    | POST-33/310          | 📝 Processing: [FOR HIRE] A COPYWRITER, RESEARCHER, FITNESS TRAINER, ACCOUN...
2026-02-20 22:36:08 | DEBUG    | POST-33/310          | 🚫 Rejected: intent_for_hire
2026-02-20 22:36:08 | DEBUG    | POST-34/310          | 📝 Processing: [For Hire] Nairobi, Kenya-Based: Simple Online Tasks, Chat M...
2026-02-20 22:36:08 | DEBUG    | POST-34/310          | 🚫 Rejected: intent_for_hire
2026-02-20 22:36:08 | DEBUG    | POST-35/310          | 📝 Processing: [For hire] I'll work on your project for a fixed price...
2026-02-20 22:36:08 | DEBUG    | POST-35/310          | 🚫 Rejected: intent_for_hire
2026-02-20 22:36:08 | DEBUG    | POST-36/310          | 📝 Processing: [For Hire] I'll build your Arduino-based project for a fixed...
2026-02-20 22:36:08 | DEBUG    | POST-36/310          | 🚫 Rejected: intent_for_hire
2026-02-20 22:36:08 | DEBUG    | POST-37/310          | 📝 Processing: [Hiring] Operations Coordinator...
2026-02-20 22:36:08 | DEBUG    | POST-37/310          | 🔍 Performing deep bot check for user: InviteEcstatic4191
2026-02-20 22:36:10 | DEBUG    | POST-37/310          | 🎯 Relevance score: 0
2026-02-20 22:36:10 | DEBUG    | POST-37/310          | 📉 Low relevance (score=0) - skipping
2026-02-20 22:36:10 | DEBUG    | POST-38/310          | 📝 Processing: [For Hire] Gaming Video Editor – Retention That Holds...
2026-02-20 22:36:10 | DEBUG    | POST-38/310          | 🚫 Rejected: intent_for_hire
2026-02-20 22:36:10 | DEBUG    | POST-39/310          | 📝 Processing: [HIRING]: Local US Residents for Nextdoor Lead Gen - $100-20...
2026-02-20 22:36:10 | DEBUG    | POST-39/310          | 🔍 Performing deep bot check for user: D675vroom
2026-02-20 22:36:12 | DEBUG    | POST-39/310          | 🎯 Relevance score: 20
2026-02-20 22:36:12 | INFO     | POST-39/310          | 🧠 Analyzing with Local AI (Ollama)...
2026-02-20 22:36:15 | SUCCESS  | 💎 OPPORTUNITY        | 🎉 HIGH VALUE FOUND! Score: 50
2026-02-20 22:36:15 | SUCCESS  | 💎 OPPORTUNITY        |    Title: Local US Residents for Nextdoor Lead Gen
2026-02-20 22:36:15 | SUCCESS  | 💎 OPPORTUNITY        |    Price: $100-200 USD/Closed Lead
2026-02-20 22:36:15 | SUCCESS  | 💎 OPPORTUNITY        |    Stack: 
2026-02-20 22:36:15 | SUCCESS  | 💎 OPPORTUNITY        |    URL: https://reddit.com/r/forhire/comments/1r9iwzm/hiring_local_u...
2026-02-20 22:36:15 | INFO     | ALERTING             | 📲 Sending Telegram alert...
2026-02-20 22:36:16 | INFO     | ALERTING             | ✓ Alert sent and saved to DB
2026-02-20 22:36:16 | DEBUG    | POST-40/310          | 📝 Processing: [For Hire] AI Content + Video Editing + Lead Generation (Rem...
2026-02-20 22:36:16 | DEBUG    | POST-40/310          | 🚫 Rejected: intent_for_hire
2026-02-20 22:36:16 | DEBUG    | POST-41/310          | 📝 Processing: [HIRING] Remote Research Writers – Geopolitics / Internation...
2026-02-20 22:36:16 | DEBUG    | POST-41/310          | 🔍 Performing deep bot check for user: MotorFew6387
2026-02-20 22:36:19 | DEBUG    | POST-41/310          | 🎯 Relevance score: 10
2026-02-20 22:36:19 | INFO     | POST-41/310          | 🧠 Analyzing with Local AI (Ollama)...
2026-02-20 22:36:23 | SUCCESS  | 💎 OPPORTUNITY        | 🎉 HIGH VALUE FOUND! Score: 80
2026-02-20 22:36:23 | SUCCESS  | 💎 OPPORTUNITY        |    Title: Remote Research Writers – Geopolitics / International Relations
2026-02-20 22:36:23 | SUCCESS  | 💎 OPPORTUNITY        |    Price: $100-$500 USD per article
2026-02-20 22:36:23 | SUCCESS  | 💎 OPPORTUNITY        |    Stack: 
2026-02-20 22:36:23 | SUCCESS  | 💎 OPPORTUNITY        |    URL: https://reddit.com/r/forhire/comments/1r9i9hh/hiring_remote_...
2026-02-20 22:36:23 | INFO     | ALERTING             | 📲 Sending Telegram alert...
2026-02-20 22:36:24 | INFO     | ALERTING             | ✓ Alert sent and saved to DB
2026-02-20 22:36:24 | DEBUG    | POST-42/310          | 📝 Processing: [For hire] I'm looking for a person who could make a logo/dr...
2026-02-20 22:36:24 | DEBUG    | POST-42/310          | 🚫 Rejected: intent_for_hire
2026-02-20 22:36:24 | DEBUG    | POST-43/310          | 📝 Processing: [FOR HIRE] Senior SRE / DevOps Engineer – Terraform | AWS | ...
2026-02-20 22:36:24 | DEBUG    | POST-43/310          | 🚫 Rejected: intent_for_hire
2026-02-20 22:36:24 | DEBUG    | POST-44/310          | 📝 Processing: [FOR HIRE] The LAST Google Ads Guy You'll Ever Hire...
2026-02-20 22:36:24 | DEBUG    | POST-44/310          | 🚫 Rejected: intent_for_hire
2026-02-20 22:36:24 | DEBUG    | POST-45/310          | 📝 Processing: [For Hire] I Can Help With Reddit Growth and Engagement...
2026-02-20 22:36:24 | DEBUG    | POST-45/310          | 🚫 Rejected: intent_for_hire
2026-02-20 22:36:24 | DEBUG    | POST-46/310          | 📝 Processing: [Hiring] Video Edit for Short-Form (TikTok/Reels/Shorts) (10...
2026-02-20 22:36:24 | DEBUG    | POST-46/310          | 🔍 Performing deep bot check for user: Bewsa3
2026-02-20 22:36:26 | DEBUG    | POST-46/310          | 🎯 Relevance score: 5
2026-02-20 22:36:26 | INFO     | POST-46/310          | 🧠 Analyzing with Local AI (Ollama)...
2026-02-20 22:36:31 | SUCCESS  | 💎 OPPORTUNITY        | 🎉 HIGH VALUE FOUND! Score: 75
2026-02-20 22:36:31 | SUCCESS  | 💎 OPPORTUNITY        |    Title: Video Edit for Short-Form Content (TikTok/Reels/Shorts)
2026-02-20 22:36:31 | SUCCESS  | 💎 OPPORTUNITY        |    Price: $15-$20 per hour or $3.75-$10 per video
2026-02-20 22:36:31 | SUCCESS  | 💎 OPPORTUNITY        |    Stack: CapCut, Premiere Pro, Final Cut, After Effects
2026-02-20 22:36:31 | SUCCESS  | 💎 OPPORTUNITY        |    URL: https://reddit.com/r/forhire/comments/1r9bhit/hiring_video_e...
2026-02-20 22:36:31 | INFO     | ALERTING             | 📲 Sending Telegram alert...
2026-02-20 22:36:31 | INFO     | ALERTING             | ✓ Alert sent and saved to DB
2026-02-20 22:36:31 | DEBUG    | POST-47/310          | 📝 Processing: [For Hire] Mobile/Web/PC app developer...
2026-02-20 22:36:31 | DEBUG    | POST-47/310          | 🚫 Rejected: intent_for_hire
2026-02-20 22:36:31 | DEBUG    | POST-48/310          | 📝 Processing: [Hiring] Mobile App Payment Testers - $40-$100/cycle - Remot...
2026-02-20 22:36:31 | DEBUG    | POST-48/310          | 🔍 Performing deep bot check for user: TheDollarHacks
2026-02-20 22:36:34 | DEBUG    | POST-48/310          | 🎯 Relevance score: 25
2026-02-20 22:36:34 | INFO     | POST-48/310          | 🧠 Analyzing with Local AI (Ollama)...
2026-02-20 22:36:38 | SUCCESS  | 💎 OPPORTUNITY        | 🎉 HIGH VALUE FOUND! Score: 85
2026-02-20 22:36:38 | SUCCESS  | 💎 OPPORTUNITY        |    Title: Mobile App Payment Tester
2026-02-20 22:36:38 | SUCCESS  | 💎 OPPORTUNITY        |    Price: $40-$100/cycle
2026-02-20 22:36:38 | SUCCESS  | 💎 OPPORTUNITY        |    Stack: Android, iOS
2026-02-20 22:36:38 | SUCCESS  | 💎 OPPORTUNITY        |    URL: https://reddit.com/r/forhire/comments/1r99e0h/hiring_mobile_...
2026-02-20 22:36:38 | INFO     | ALERTING             | 📲 Sending Telegram alert...
2026-02-20 22:36:39 | INFO     | ALERTING             | ✓ Alert sent and saved to DB
2026-02-20 22:36:39 | DEBUG    | POST-49/310          | 📝 Processing: [For Hire] Fixing the exact pains killing your almost-ready ...
2026-02-20 22:36:39 | DEBUG    | POST-49/310          | 🚫 Rejected: intent_for_hire
2026-02-20 22:36:39 | DEBUG    | POST-50/310          | 📝 Processing: [For Hire] Win 2026 professionally. NO to AI/marketing slop....
2026-02-20 22:36:39 | DEBUG    | POST-50/310          | 🚫 Rejected: intent_for_hire
2026-02-20 22:36:39 | DEBUG    | POST-51/310          | 📝 Processing: [Hiring] Join Discord make money6️⃣...
2026-02-20 22:36:39 | DEBUG    | POST-51/310          | 🔍 Performing deep bot check for user: Ari-Special825
2026-02-20 22:36:41 | DEBUG    | POST-51/310          | 🎯 Relevance score: 0
2026-02-20 22:36:41 | DEBUG    | POST-51/310          | 📉 Low relevance (score=0) - skipping
2026-02-20 22:36:41 | DEBUG    | POST-52/310          | 📝 Processing: [Hiring] Join Discord make money🍭...
2026-02-20 22:36:41 | DEBUG    | POST-52/310          | 🔍 Performing deep bot check for user: Ari-Special825
2026-02-20 22:36:44 | DEBUG    | POST-52/310          | 🎯 Relevance score: 0
2026-02-20 22:36:44 | DEBUG    | POST-52/310          | 📉 Low relevance (score=0) - skipping
2026-02-20 22:36:44 | DEBUG    | POST-53/310          | 📝 Processing: [Hiring] Join Discord make money🐞...
2026-02-20 22:36:44 | DEBUG    | POST-53/310          | 🔍 Performing deep bot check for user: Ari-Special825
2026-02-20 22:36:47 | DEBUG    | POST-53/310          | 🎯 Relevance score: 0
2026-02-20 22:36:47 | DEBUG    | POST-53/310          | 📉 Low relevance (score=0) - skipping
2026-02-20 22:36:47 | DEBUG    | POST-54/310          | 📝 Processing: [Hiring] Earn up to $500 /week by POSTING/EDITING on Social ...
2026-02-20 22:36:47 | DEBUG    | POST-54/310          | 🚫 Rejected: spam_pattern
2026-02-20 22:36:47 | DEBUG    | POST-55/310          | 📝 Processing: [Hiring] Join Discord make money🚀...
2026-02-20 22:36:47 | DEBUG    | POST-55/310          | 🔍 Performing deep bot check for user: Ari-Special825
2026-02-20 22:36:49 | DEBUG    | POST-55/310          | 🎯 Relevance score: 0
2026-02-20 22:36:49 | DEBUG    | POST-55/310          | 📉 Low relevance (score=0) - skipping
2026-02-20 22:36:49 | DEBUG    | POST-56/310          | 📝 Processing: [Hiring] Join Discord make money🎍...
2026-02-20 22:36:49 | DEBUG    | POST-56/310          | 🔍 Performing deep bot check for user: Ari-Special825
2026-02-20 22:36:52 | DEBUG    | POST-56/310          | 🎯 Relevance score: 0
2026-02-20 22:36:52 | DEBUG    | POST-56/310          | 📉 Low relevance (score=0) - skipping
2026-02-20 22:36:52 | DEBUG    | POST-57/310          | 📝 Processing: [Hiring] upto 10-20$/hr...
2026-02-20 22:36:52 | DEBUG    | POST-57/310          | 🔍 Performing deep bot check for user: fidinn10
2026-02-20 22:36:54 | DEBUG    | BOT_DETECTOR         | 🤖 Low karma: 47 for fidinn10
2026-02-20 22:36:54 | WARNING  | POST-57/310          | 🤖 Deep Bot Detected: low_karma_47
2026-02-20 22:36:54 | DEBUG    | POST-58/310          | 📝 Processing: [Hiring] Join Discord make money🚝...
2026-02-20 22:36:54 | DEBUG    | POST-58/310          | 🔍 Performing deep bot check for user: Ari-Special825
2026-02-20 22:36:57 | DEBUG    | POST-58/310          | 🎯 Relevance score: 0
2026-02-20 22:36:57 | DEBUG    | POST-58/310          | 📉 Low relevance (score=0) - skipping
2026-02-20 22:36:57 | DEBUG    | POST-59/310          | 📝 Processing: [For Hire] I custom build automations that replaces redundan...
2026-02-20 22:36:57 | DEBUG    | POST-59/310          | 🚫 Rejected: intent_for_hire
2026-02-20 22:36:57 | DEBUG    | POST-60/310          | 📝 Processing: [Hiring] Join Discord make money💑...
2026-02-20 22:36:57 | DEBUG    | POST-60/310          | 🔍 Performing deep bot check for user: Ari-Special825
2026-02-20 22:37:00 | DEBUG    | POST-60/310          | 🎯 Relevance score: 0
2026-02-20 22:37:00 | DEBUG    | POST-60/310          | 📉 Low relevance (score=0) - skipping
2026-02-20 22:37:00 | DEBUG    | POST-61/310          | 📝 Processing: [For Hire]  YouTube Content Researcher &amp; Strategist...
2026-02-20 22:37:00 | DEBUG    | POST-61/310          | 🚫 Rejected: intent_for_hire
2026-02-20 22:37:00 | DEBUG    | POST-62/310          | 📝 Processing: [Hiring] Join Discord make money❔...
2026-02-20 22:37:00 | DEBUG    | POST-62/310          | 🔍 Performing deep bot check for user: Ari-Special825
2026-02-20 22:37:02 | DEBUG    | POST-62/310          | 🎯 Relevance score: 0
2026-02-20 22:37:02 | DEBUG    | POST-62/310          | 📉 Low relevance (score=0) - skipping
2026-02-20 22:37:02 | DEBUG    | POST-63/310          | 📝 Processing: Looking for works...[For hire]...
2026-02-20 22:37:02 | DEBUG    | POST-63/310          | 🚫 Rejected: intent_for_hire
2026-02-20 22:37:02 | DEBUG    | POST-64/310          | 📝 Processing: [Hiring] Join Discord make money🔒...
2026-02-20 22:37:02 | DEBUG    | POST-64/310          | 🔍 Performing deep bot check for user: Ari-Special825
2026-02-20 22:37:04 | DEBUG    | POST-64/310          | 🎯 Relevance score: 0
2026-02-20 22:37:04 | DEBUG    | POST-64/310          | 📉 Low relevance (score=0) - skipping
2026-02-20 22:37:04 | DEBUG    | POST-65/310          | 📝 Processing: [Hiring] Join Discord make money🛍...
2026-02-20 22:37:04 | DEBUG    | POST-65/310          | 🔍 Performing deep bot check for user: Ari-Special825
2026-02-20 22:37:05 | DEBUG    | POST-65/310          | 🎯 Relevance score: 0
2026-02-20 22:37:05 | DEBUG    | POST-65/310          | 📉 Low relevance (score=0) - skipping
2026-02-20 22:37:05 | DEBUG    | POST-66/310          | 📝 Processing: [Hiring] Join Discord make money💱...
2026-02-20 22:37:05 | DEBUG    | POST-66/310          | 🔍 Performing deep bot check for user: Ari-Special825
2026-02-20 22:37:08 | DEBUG    | POST-66/310          | 🎯 Relevance score: 0
2026-02-20 22:37:08 | DEBUG    | POST-66/310          | 📉 Low relevance (score=0) - skipping
2026-02-20 22:37:08 | DEBUG    | POST-67/310          | 📝 Processing: [Hiring] Join Discord make money🐻...
2026-02-20 22:37:08 | DEBUG    | POST-67/310          | 🔍 Performing deep bot check for user: Ari-Special825
2026-02-20 22:37:10 | DEBUG    | POST-67/310          | 🎯 Relevance score: 0
2026-02-20 22:37:10 | DEBUG    | POST-67/310          | 📉 Low relevance (score=0) - skipping
2026-02-20 22:37:10 | DEBUG    | POST-68/310          | 📝 Processing: [Hiring] short-form video clippers...
2026-02-20 22:37:10 | DEBUG    | POST-68/310          | 🔍 Performing deep bot check for user: fidinn10
2026-02-20 22:37:13 | DEBUG    | BOT_DETECTOR         | 🤖 Low karma: 47 for fidinn10
2026-02-20 22:37:13 | WARNING  | POST-68/310          | 🤖 Deep Bot Detected: low_karma_47
2026-02-20 22:37:13 | DEBUG    | POST-69/310          | 📝 Processing: [Hiring] Join Discord make money⚰...
2026-02-20 22:37:13 | DEBUG    | POST-69/310          | 🔍 Performing deep bot check for user: Ari-Special825
2026-02-20 22:37:16 | DEBUG    | POST-69/310          | 🎯 Relevance score: 0
2026-02-20 22:37:16 | DEBUG    | POST-69/310          | 📉 Low relevance (score=0) - skipping
2026-02-20 22:37:16 | DEBUG    | POST-70/310          | 📝 Processing: [Hiring] Join Discord make money🍔...
2026-02-20 22:37:16 | DEBUG    | POST-70/310          | 🔍 Performing deep bot check for user: Ari-Special825
2026-02-20 22:37:18 | DEBUG    | POST-70/310          | 🎯 Relevance score: 0
2026-02-20 22:37:18 | DEBUG    | POST-70/310          | 📉 Low relevance (score=0) - skipping
2026-02-20 22:37:18 | DEBUG    | POST-71/310          | 📝 Processing: [Hiring] Join Discord make money🏩...
2026-02-20 22:37:18 | DEBUG    | POST-71/310          | 🔍 Performing deep bot check for user: Ari-Special825
2026-02-20 22:37:21 | DEBUG    | POST-71/310          | 🎯 Relevance score: 0
2026-02-20 22:37:21 | DEBUG    | POST-71/310          | 📉 Low relevance (score=0) - skipping
2026-02-20 22:37:21 | DEBUG    | POST-72/310          | 📝 Processing: [Hiring] Join Discord make money☣...
2026-02-20 22:37:21 | DEBUG    | POST-72/310          | 🔍 Performing deep bot check for user: Ari-Special825
2026-02-20 22:37:23 | DEBUG    | POST-72/310          | 🎯 Relevance score: 0
2026-02-20 22:37:23 | DEBUG    | POST-72/310          | 📉 Low relevance (score=0) - skipping
2026-02-20 22:37:23 | DEBUG    | POST-73/310          | 📝 Processing: [Hiring] Join Discord make money🗜...
2026-02-20 22:37:23 | DEBUG    | POST-73/310          | 🔍 Performing deep bot check for user: Ari-Special825
2026-02-20 22:37:26 | DEBUG    | POST-73/310          | 🎯 Relevance score: 0
2026-02-20 22:37:26 | DEBUG    | POST-73/310          | 📉 Low relevance (score=0) - skipping
2026-02-20 22:37:26 | DEBUG    | POST-74/310          | 📝 Processing: [Hiring] Join Discord make money💷...
2026-02-20 22:37:26 | DEBUG    | POST-74/310          | 🔍 Performing deep bot check for user: Ari-Special825
2026-02-20 22:37:28 | DEBUG    | POST-74/310          | 🎯 Relevance score: 0
2026-02-20 22:37:28 | DEBUG    | POST-74/310          | 📉 Low relevance (score=0) - skipping
2026-02-20 22:37:28 | DEBUG    | POST-75/310          | 📝 Processing: [Hiring] Join Discord make money🦁...
2026-02-20 22:37:28 | DEBUG    | POST-75/310          | 🔍 Performing deep bot check for user: Ari-Special825
2026-02-20 22:37:30 | DEBUG    | POST-75/310          | 🎯 Relevance score: 0
2026-02-20 22:37:30 | DEBUG    | POST-75/310          | 📉 Low relevance (score=0) - skipping
2026-02-20 22:37:30 | DEBUG    | POST-76/310          | 📝 Processing: [For Hire] Trying to get first software freelancing gigs...
2026-02-20 22:37:30 | DEBUG    | POST-76/310          | 🚫 Rejected: intent_for_hire
2026-02-20 22:37:30 | DEBUG    | POST-77/310          | 📝 Processing: [FOR HIRE] LOOKING FOR CLIENTS TO HELP THEM IN WEB DEVELOPME...
2026-02-20 22:37:30 | DEBUG    | POST-77/310          | 🚫 Rejected: intent_for_hire
2026-02-20 22:37:30 | DEBUG    | POST-78/310          | 📝 Processing: [Hiring] Join Discord make money🚧...
2026-02-20 22:37:30 | DEBUG    | POST-78/310          | 🔍 Performing deep bot check for user: Ari-Special825
2026-02-20 22:37:33 | DEBUG    | POST-78/310          | 🎯 Relevance score: 0
2026-02-20 22:37:33 | DEBUG    | POST-78/310          | 📉 Low relevance (score=0) - skipping
2026-02-20 22:37:33 | DEBUG    | POST-79/310          | 📝 Processing: [hiring] yt follow for $22...
2026-02-20 22:37:33 | DEBUG    | POST-79/310          | 🚫 Rejected: scam_pattern
2026-02-20 22:37:33 | DEBUG    | POST-80/310          | 📝 Processing: [Hiring] NSFW Lead Gen (Commission only)...
2026-02-20 22:37:33 | DEBUG    | POST-80/310          | 🔍 Performing deep bot check for user: Sebijose
2026-02-20 22:37:35 | DEBUG    | BOT_DETECTOR         | 🤖 Low karma: 48 for Sebijose
2026-02-20 22:37:35 | WARNING  | POST-80/310          | 🤖 Deep Bot Detected: low_karma_48
2026-02-20 22:37:35 | DEBUG    | POST-81/310          | 📝 Processing: [Task] Hiring Customer Support VAs and Setters...
2026-02-20 22:37:35 | DEBUG    | POST-81/310          | 🔍 Performing deep bot check for user: Damianmakesyousmile
2026-02-20 22:37:37 | DEBUG    | POST-81/310          | 🎯 Relevance score: 5
2026-02-20 22:37:37 | INFO     | POST-81/310          | 🧠 Analyzing with Local AI (Ollama)...
2026-02-20 22:37:41 | DEBUG    | POST-81/310          | 🤖 AI says: NOT a valid job post
2026-02-20 22:37:41 | DEBUG    | POST-82/310          | 📝 Processing: [OFFER] LF for Rainbow 6 Siege players to play custom games ...
2026-02-20 22:37:41 | DEBUG    | POST-82/310          | 🚫 Rejected: intent_offer
2026-02-20 22:37:41 | DEBUG    | POST-83/310          | 📝 Processing: [TASK] Make 500-1k/m with this...
2026-02-20 22:37:41 | DEBUG    | POST-83/310          | 🔍 Performing deep bot check for user: _akuma_kage_
2026-02-20 22:37:43 | DEBUG    | POST-83/310          | 🎯 Relevance score: 5
2026-02-20 22:37:43 | INFO     | POST-83/310          | 🧠 Analyzing with Local AI (Ollama)...
2026-02-20 22:37:47 | DEBUG    | POST-83/310          | 🤖 AI says: NOT a valid job post
2026-02-20 22:37:47 | DEBUG    | POST-84/310          | 📝 Processing: [OFFER] Remote Part-Time Support Role – Flexible Hours (10–1...
2026-02-20 22:37:47 | DEBUG    | POST-84/310          | 🚫 Rejected: intent_offer
2026-02-20 22:37:47 | DEBUG    | POST-85/310          | 📝 Processing: [OFFER] Dark Fantasy Character Creation — $35...
2026-02-20 22:37:47 | DEBUG    | POST-85/310          | 🚫 Rejected: intent_offer
2026-02-20 22:37:47 | DEBUG    | POST-86/310          | 📝 Processing: [TASK] Looking for a Zoho Expert – CRM, Automation &amp; Int...
2026-02-20 22:37:47 | DEBUG    | POST-86/310          | 🔍 Performing deep bot check for user: Responsible-Proof-90
2026-02-20 22:37:50 | DEBUG    | POST-86/310          | 🎯 Relevance score: 33
2026-02-20 22:37:50 | INFO     | POST-86/310          | 🧠 Analyzing with Local AI (Ollama)...
2026-02-20 22:37:58 | SUCCESS  | 💎 OPPORTUNITY        | 🎉 HIGH VALUE FOUND! Score: 37
2026-02-20 22:37:58 | SUCCESS  | 💎 OPPORTUNITY        |    Title: Zoho CRM Expert - Automation & Integration
2026-02-20 22:37:58 | SUCCESS  | 💎 OPPORTUNITY        |    Price: 
2026-02-20 22:37:58 | SUCCESS  | 💎 OPPORTUNITY        |    Stack: Zoho CRM, Deluge Scripting, Zoho API, VoIP/Telephony
2026-02-20 22:37:58 | SUCCESS  | 💎 OPPORTUNITY        |    URL: https://reddit.com/r/slavelabour/comments/1ra1x4k/task_looki...
2026-02-20 22:37:58 | INFO     | ALERTING             | 📲 Sending Telegram alert...
2026-02-20 22:37:59 | INFO     | ALERTING             | ✓ Alert sent and saved to DB
2026-02-20 22:37:59 | DEBUG    | POST-87/310          | 📝 Processing: [Offer] I will Be Your Professional Virtual Assistant For $6...
2026-02-20 22:37:59 | DEBUG    | POST-87/310          | 🚫 Rejected: intent_offer
2026-02-20 22:37:59 | DEBUG    | POST-88/310          | 📝 Processing: [Task] a buyer for UK vinted...
2026-02-20 22:37:59 | DEBUG    | POST-88/310          | 🔍 Performing deep bot check for user: mentally-illegally
2026-02-20 22:38:00 | DEBUG    | POST-88/310          | 🎯 Relevance score: 0
2026-02-20 22:38:00 | DEBUG    | POST-88/310          | 📉 Low relevance (score=0) - skipping
2026-02-20 22:38:00 | DEBUG    | POST-89/310          | 📝 Processing: [TASK] REMOTE call center / customer service work U.S. ONLY...
2026-02-20 22:38:00 | DEBUG    | POST-89/310          | 🔍 Performing deep bot check for user: KawaiiLabs
2026-02-20 22:38:03 | DEBUG    | POST-89/310          | 🎯 Relevance score: 10
2026-02-20 22:38:03 | INFO     | POST-89/310          | 🧠 Analyzing with Local AI (Ollama)...
2026-02-20 22:38:06 | SUCCESS  | 💎 OPPORTUNITY        | 🎉 HIGH VALUE FOUND! Score: 80
2026-02-20 22:38:06 | SUCCESS  | 💎 OPPORTUNITY        |    Title: Call Center Associate
2026-02-20 22:38:06 | SUCCESS  | 💎 OPPORTUNITY        |    Price: $15/hr
2026-02-20 22:38:06 | SUCCESS  | 💎 OPPORTUNITY        |    Stack: 
2026-02-20 22:38:06 | SUCCESS  | 💎 OPPORTUNITY        |    URL: https://reddit.com/r/slavelabour/comments/1r9yqf3/task_remot...
2026-02-20 22:38:06 | INFO     | ALERTING             | 📲 Sending Telegram alert...
2026-02-20 22:38:07 | INFO     | ALERTING             | ✓ Alert sent and saved to DB
2026-02-20 22:38:07 | DEBUG    | POST-90/310          | 📝 Processing: [OFFER] WordPress Custom Design &amp; Development...
2026-02-20 22:38:07 | DEBUG    | POST-90/310          | 🚫 Rejected: intent_offer
2026-02-20 22:38:07 | DEBUG    | POST-91/310          | 📝 Processing: [Offer] Virtual Assistant $3/hour...
2026-02-20 22:38:07 | DEBUG    | POST-91/310          | 🚫 Rejected: intent_offer
2026-02-20 22:38:07 | DEBUG    | POST-92/310          | 📝 Processing: [Task] Need 2D Stick Figure Animator ($30)...
2026-02-20 22:38:07 | DEBUG    | POST-92/310          | 🔍 Performing deep bot check for user: edamametrees
2026-02-20 22:38:09 | DEBUG    | POST-92/310          | 🎯 Relevance score: 5
2026-02-20 22:38:09 | INFO     | POST-92/310          | 🧠 Analyzing with Local AI (Ollama)...
2026-02-20 22:38:12 | SUCCESS  | 💎 OPPORTUNITY        | 🎉 HIGH VALUE FOUND! Score: 5
2026-02-20 22:38:12 | SUCCESS  | 💎 OPPORTUNITY        |    Title: 2D Stick Figure Animator
2026-02-20 22:38:12 | SUCCESS  | 💎 OPPORTUNITY        |    Price: $30 per project
2026-02-20 22:38:12 | SUCCESS  | 💎 OPPORTUNITY        |    Stack: 
2026-02-20 22:38:12 | SUCCESS  | 💎 OPPORTUNITY        |    URL: https://reddit.com/r/slavelabour/comments/1r9rhgj/task_need_...
2026-02-20 22:38:12 | INFO     | ALERTING             | 📲 Sending Telegram alert...
2026-02-20 22:38:13 | INFO     | ALERTING             | ✓ Alert sent and saved to DB
2026-02-20 22:38:13 | DEBUG    | POST-93/310          | 📝 Processing: [OFFER] Reddit Promoters (NSFW Creators)...
2026-02-20 22:38:13 | DEBUG    | POST-93/310          | 🚫 Rejected: intent_offer
2026-02-20 22:38:13 | DEBUG    | POST-94/310          | 📝 Processing: [Offer] Stop paying thousands for a restaurant website...
2026-02-20 22:38:13 | DEBUG    | POST-94/310          | 🚫 Rejected: intent_offer
2026-02-20 22:38:13 | DEBUG    | POST-95/310          | 📝 Processing: [offer]Web developer modern responsive sites + Portfolio / B...
2026-02-20 22:38:13 | DEBUG    | POST-95/310          | 🚫 Rejected: intent_offer
2026-02-20 22:38:13 | DEBUG    | POST-96/310          | 📝 Processing: [task] VA needed for simple social media tasks 1 hour daily ...
2026-02-20 22:38:13 | DEBUG    | POST-96/310          | 🚫 Rejected: scam_pattern
2026-02-20 22:38:13 | DEBUG    | POST-97/310          | 📝 Processing: [offer] VA/admin/secretarial work – open to other tasks...
2026-02-20 22:38:13 | DEBUG    | POST-97/310          | 🚫 Rejected: intent_offer
2026-02-20 22:38:13 | DEBUG    | POST-98/310          | 📝 Processing: [offer] I am looking to WORK as a full time customer service...
2026-02-20 22:38:13 | DEBUG    | POST-98/310          | 🚫 Rejected: intent_offer
2026-02-20 22:38:13 | DEBUG    | POST-99/310          | 📝 Processing: [Task] I need someone with a patient in hospital...
2026-02-20 22:38:13 | DEBUG    | POST-99/310          | 🔍 Performing deep bot check for user: orangeberry81
2026-02-20 22:38:15 | DEBUG    | POST-99/310          | 🎯 Relevance score: 5
2026-02-20 22:38:15 | INFO     | POST-99/310          | 🧠 Analyzing with Local AI (Ollama)...
2026-02-20 22:38:19 | SUCCESS  | 💎 OPPORTUNITY        | 🎉 HIGH VALUE FOUND! Score: 6
2026-02-20 22:38:19 | SUCCESS  | 💎 OPPORTUNITY        |    Title: Hospital Caregiver Assistance
2026-02-20 22:38:19 | SUCCESS  | 💎 OPPORTUNITY        |    Price: $20
2026-02-20 22:38:19 | SUCCESS  | 💎 OPPORTUNITY        |    Stack: 
2026-02-20 22:38:19 | SUCCESS  | 💎 OPPORTUNITY        |    URL: https://reddit.com/r/slavelabour/comments/1r9iqrg/task_i_nee...
2026-02-20 22:38:19 | INFO     | ALERTING             | 📲 Sending Telegram alert...
2026-02-20 22:38:19 | INFO     | ALERTING             | ✓ Alert sent and saved to DB
2026-02-20 22:38:19 | DEBUG    | POST-100/310         | 📝 Processing: [offer] Digital Folder Organization Service – $10...
2026-02-20 22:38:19 | DEBUG    | POST-100/310         | 🚫 Rejected: intent_offer
2026-02-20 22:38:19 | DEBUG    | POST-101/310         | 📝 Processing: [offer]I build small AI automations for operators, what shou...
2026-02-20 22:38:19 | DEBUG    | POST-101/310         | 🚫 Rejected: intent_offer
2026-02-20 22:38:19 | DEBUG    | POST-102/310         | 📝 Processing: [Task] Video Edit for Short-Form (TikTok/Reels/Shorts) (10 v...
2026-02-20 22:38:19 | DEBUG    | POST-102/310         | 🔍 Performing deep bot check for user: Bewsa3
2026-02-20 22:38:22 | DEBUG    | POST-102/310         | 🎯 Relevance score: 5
2026-02-20 22:38:22 | INFO     | POST-102/310         | 🧠 Analyzing with Local AI (Ollama)...
2026-02-20 22:38:27 | SUCCESS  | 💎 OPPORTUNITY        | 🎉 HIGH VALUE FOUND! Score: 85
2026-02-20 22:38:27 | SUCCESS  | 💎 OPPORTUNITY        |    Title: Video Editor for Short-Form Content
2026-02-20 22:38:27 | SUCCESS  | 💎 OPPORTUNITY        |    Price: $3-$10/hour or $1-$5/video
2026-02-20 22:38:27 | SUCCESS  | 💎 OPPORTUNITY        |    Stack: CapCut, Premiere Pro, Final Cut, After Effects
2026-02-20 22:38:27 | SUCCESS  | 💎 OPPORTUNITY        |    URL: https://reddit.com/r/slavelabour/comments/1r9bgry/task_video...
2026-02-20 22:38:27 | INFO     | ALERTING             | 📲 Sending Telegram alert...
2026-02-20 22:38:28 | INFO     | ALERTING             | ✓ Alert sent and saved to DB
2026-02-20 22:38:28 | DEBUG    | POST-103/310         | 📝 Processing: [offer] trying to earn £30 by tomorrow...
2026-02-20 22:38:28 | DEBUG    | POST-103/310         | 🚫 Rejected: intent_offer
2026-02-20 22:38:28 | DEBUG    | POST-104/310         | 📝 Processing: [task] (NJ/NY/PA) $5-$20 for a small task....
2026-02-20 22:38:28 | DEBUG    | POST-104/310         | 🔍 Performing deep bot check for user: rawrza1
2026-02-20 22:38:31 | DEBUG    | POST-104/310         | 🎯 Relevance score: 5
2026-02-20 22:38:31 | INFO     | POST-104/310         | 🧠 Analyzing with Local AI (Ollama)...
2026-02-20 22:38:34 | SUCCESS  | 💎 OPPORTUNITY        | 🎉 HIGH VALUE FOUND! Score: 35
2026-02-20 22:38:34 | SUCCESS  | 💎 OPPORTUNITY        |    Title: (NJ/NY/PA) Phone Task
2026-02-20 22:38:34 | SUCCESS  | 💎 OPPORTUNITY        |    Price: $5-$20
2026-02-20 22:38:34 | SUCCESS  | 💎 OPPORTUNITY        |    Stack: 
2026-02-20 22:38:34 | SUCCESS  | 💎 OPPORTUNITY        |    URL: https://reddit.com/r/slavelabour/comments/1r99hox/task_njnyp...
2026-02-20 22:38:34 | INFO     | ALERTING             | 📲 Sending Telegram alert...
2026-02-20 22:38:35 | INFO     | ALERTING             | ✓ Alert sent and saved to DB
2026-02-20 22:38:35 | DEBUG    | POST-105/310         | 📝 Processing: [Offer] Win 2026 professionally. NO to AI/marketing slop....
2026-02-20 22:38:35 | DEBUG    | POST-105/310         | 🚫 Rejected: intent_offer
2026-02-20 22:38:35 | DEBUG    | POST-106/310         | 📝 Processing: [task] Manually Research Email Addresses for US Health Clini...
2026-02-20 22:38:35 | DEBUG    | POST-106/310         | 🔍 Performing deep bot check for user: DanTheManWithAPlan
2026-02-20 22:38:37 | DEBUG    | POST-106/310         | 🎯 Relevance score: 43
2026-02-20 22:38:37 | INFO     | POST-106/310         | 🧠 Analyzing with Local AI (Ollama)...
2026-02-20 22:38:41 | SUCCESS  | 💎 OPPORTUNITY        | 🎉 HIGH VALUE FOUND! Score: 43
2026-02-20 22:38:41 | SUCCESS  | 💎 OPPORTUNITY        |    Title: Manually Research Email Addresses for US Health Clinic Franchise Locations
2026-02-20 22:38:41 | SUCCESS  | 💎 OPPORTUNITY        |    Price: $0.30–$0.60 per lead
2026-02-20 22:38:41 | SUCCESS  | 💎 OPPORTUNITY        |    Stack: 
2026-02-20 22:38:41 | SUCCESS  | 💎 OPPORTUNITY        |    URL: https://reddit.com/r/slavelabour/comments/1r9852t/task_manua...
2026-02-20 22:38:41 | INFO     | ALERTING             | 📲 Sending Telegram alert...
2026-02-20 22:38:42 | INFO     | ALERTING             | ✓ Alert sent and saved to DB
2026-02-20 22:38:42 | DEBUG    | POST-107/310         | 📝 Processing: [TASK] Instagram/Facebook Cold Outreach ($20/Demo Booked)...
2026-02-20 22:38:42 | DEBUG    | POST-107/310         | 🔍 Performing deep bot check for user: SectionPretend9224
2026-02-20 22:38:45 | DEBUG    | POST-107/310         | 🎯 Relevance score: 10
2026-02-20 22:38:45 | INFO     | POST-107/310         | 🧠 Analyzing with Local AI (Ollama)...
2026-02-20 22:38:49 | SUCCESS  | 💎 OPPORTUNITY        | 🎉 HIGH VALUE FOUND! Score: 70
2026-02-20 22:38:49 | SUCCESS  | 💎 OPPORTUNITY        |    Title: Instagram/Facebook Cold Outreach for Aesthetics Startup
2026-02-20 22:38:49 | SUCCESS  | 💎 OPPORTUNITY        |    Price: $0.10/hr + $20 commission per confirmed demo booked
2026-02-20 22:38:49 | SUCCESS  | 💎 OPPORTUNITY        |    Stack: Instagram, Facebook, Google
2026-02-20 22:38:49 | SUCCESS  | 💎 OPPORTUNITY        |    URL: https://reddit.com/r/slavelabour/comments/1r97ved/task_insta...
2026-02-20 22:38:49 | INFO     | ALERTING             | 📲 Sending Telegram alert...
2026-02-20 22:38:49 | INFO     | ALERTING             | ✓ Alert sent and saved to DB
2026-02-20 22:38:49 | DEBUG    | POST-108/310         | 📝 Processing: [OFFER] Social Media Manager | Content Creation | Reels | En...
2026-02-20 22:38:49 | DEBUG    | POST-108/310         | 🚫 Rejected: intent_offer
2026-02-20 22:38:50 | DEBUG    | POST-109/310         | 📝 Processing: [offer] Affordable image editing available....
2026-02-20 22:38:50 | DEBUG    | POST-109/310         | 🚫 Rejected: intent_offer
2026-02-20 22:38:50 | DEBUG    | POST-110/310         | 📝 Processing: [offer] AI TikTok analytics app beta users...
2026-02-20 22:38:50 | DEBUG    | POST-110/310         | 🚫 Rejected: intent_offer
2026-02-20 22:38:50 | DEBUG    | POST-111/310         | 📝 Processing: En busca de ingresos (Trabajo)....
2026-02-20 22:38:50 | DEBUG    | POST-111/310         | 🚫 Rejected: intent_not_hiring
2026-02-20 22:38:50 | DEBUG    | POST-112/310         | 📝 Processing: recent grad in DMV looking for a job...
2026-02-20 22:38:50 | DEBUG    | POST-112/310         | 🔍 Performing deep bot check for user: Competitive1813
2026-02-20 22:38:52 | DEBUG    | BOT_DETECTOR         | 🤖 Low karma: 1 for Competitive1813
2026-02-20 22:38:52 | WARNING  | POST-112/310         | 🤖 Deep Bot Detected: low_karma_1
2026-02-20 22:38:52 | DEBUG    | POST-113/310         | 📝 Processing: Trying to remember the name of a website....
2026-02-20 22:38:52 | DEBUG    | POST-113/310         | 🚫 Rejected: intent_not_hiring
2026-02-20 22:38:52 | DEBUG    | POST-114/310         | 📝 Processing: In office/hybrid delema...
2026-02-20 22:38:52 | DEBUG    | POST-114/310         | 🚫 Rejected: intent_not_hiring
2026-02-20 22:38:52 | DEBUG    | POST-115/310         | 📝 Processing: In office/hybrid delema...
2026-02-20 22:38:52 | DEBUG    | POST-115/310         | 🚫 Rejected: intent_not_hiring
2026-02-20 22:38:52 | DEBUG    | POST-116/310         | 📝 Processing: What’s a Realistic Way to Earn $20/Day Online Starting From ...
2026-02-20 22:38:52 | DEBUG    | POST-116/310         | 🚫 Rejected: intent_not_hiring
2026-02-20 22:38:52 | DEBUG    | POST-117/310         | 📝 Processing: Need advice - newly promoted manager struggling with new lea...
2026-02-20 22:38:52 | DEBUG    | POST-117/310         | 🚫 Rejected: intent_not_hiring
2026-02-20 22:38:52 | DEBUG    | POST-118/310         | 📝 Processing: Is this normal? It feels like a scam...
2026-02-20 22:38:52 | DEBUG    | POST-118/310         | 🚫 Rejected: intent_not_hiring
2026-02-20 22:38:52 | DEBUG    | POST-119/310         | 📝 Processing: What do I expect,am I in or am I still in consideration?...
2026-02-20 22:38:52 | DEBUG    | POST-119/310         | 🚫 Rejected: intent_not_hiring
2026-02-20 22:38:52 | DEBUG    | POST-120/310         | 📝 Processing: Linked in following list removed?...
2026-02-20 22:38:52 | DEBUG    | POST-120/310         | 🚫 Rejected: intent_not_hiring
2026-02-20 22:38:52 | DEBUG    | POST-121/310         | 📝 Processing: Looking to Transition Into Remote Work – Advice Appreciated...
2026-02-20 22:38:52 | DEBUG    | POST-121/310         | 🚫 Rejected: intent_not_hiring
2026-02-20 22:38:52 | DEBUG    | POST-122/310         | 📝 Processing: Looking for EDI Specialist Role – Experienced in ERP &amp; D...
2026-02-20 22:38:52 | DEBUG    | POST-122/310         | 🚫 Rejected: empty_or_removed
2026-02-20 22:38:52 | DEBUG    | POST-123/310         | 📝 Processing: My partner has anxiety and I don’t know how to help him...
2026-02-20 22:38:52 | DEBUG    | POST-123/310         | 🚫 Rejected: intent_not_hiring
2026-02-20 22:38:52 | DEBUG    | POST-124/310         | 📝 Processing: Hiring in a State you aren’t registered to do business in...
2026-02-20 22:38:52 | DEBUG    | POST-124/310         | 🔍 Performing deep bot check for user: Jader189
2026-02-20 22:38:54 | DEBUG    | BOT_DETECTOR         | 🤖 Low karma: 3 for Jader189
2026-02-20 22:38:54 | WARNING  | POST-124/310         | 🤖 Deep Bot Detected: low_karma_3
2026-02-20 22:38:54 | DEBUG    | POST-125/310         | 📝 Processing: Got the dreaded RTO notice...
2026-02-20 22:38:54 | DEBUG    | POST-125/310         | 🚫 Rejected: intent_not_hiring
2026-02-20 22:38:54 | DEBUG    | POST-126/310         | 📝 Processing: Quitting UK WFH job can I offer to keep the company PC and h...
2026-02-20 22:38:54 | DEBUG    | POST-126/310         | 🚫 Rejected: intent_not_hiring
2026-02-20 22:38:54 | DEBUG    | POST-127/310         | 📝 Processing: Doctor's remote work...
2026-02-20 22:38:54 | DEBUG    | POST-127/310         | 🚫 Rejected: intent_not_hiring
2026-02-20 22:38:54 | DEBUG    | POST-128/310         | 📝 Processing: When the Promotion Isn’t What You Expected...
2026-02-20 22:38:54 | DEBUG    | POST-128/310         | 🚫 Rejected: intent_not_hiring
2026-02-20 22:38:54 | DEBUG    | POST-129/310         | 📝 Processing: How do you handle your work while traveling?...
2026-02-20 22:38:54 | DEBUG    | POST-129/310         | 🚫 Rejected: intent_not_hiring
2026-02-20 22:38:54 | DEBUG    | POST-130/310         | 📝 Processing: Cisco Nexus Dashboard professional....
2026-02-20 22:38:54 | DEBUG    | POST-130/310         | 🚫 Rejected: intent_not_hiring
2026-02-20 22:38:54 | DEBUG    | POST-131/310         | 📝 Processing: Best way to handle international payroll services for first ...
2026-02-20 22:38:54 | DEBUG    | POST-131/310         | 🚫 Rejected: intent_not_hiring
2026-02-20 22:38:54 | DEBUG    | POST-132/310         | 📝 Processing: This may be a silly question - is this a viable strategy to ...
2026-02-20 22:38:54 | DEBUG    | POST-132/310         | 🚫 Rejected: intent_not_hiring
2026-02-20 22:38:54 | DEBUG    | POST-133/310         | 📝 Processing: Setting up gym abroad as a Brit?...
2026-02-20 22:38:54 | DEBUG    | POST-133/310         | 🚫 Rejected: intent_not_hiring
2026-02-20 22:38:54 | DEBUG    | POST-134/310         | 📝 Processing: Why would we want to use an umbrella corporation vs just bei...
2026-02-20 22:38:54 | DEBUG    | BOT_DETECTOR         | 🤖 Suspicious username pattern: User665544332211
2026-02-20 22:38:54 | DEBUG    | POST-134/310         | 🤖 Bot detected: suspicious_username
2026-02-20 22:38:54 | DEBUG    | POST-135/310         | 📝 Processing: Burn out from toxic boss...
2026-02-20 22:38:54 | DEBUG    | POST-135/310         | 🚫 Rejected: intent_not_hiring
2026-02-20 22:38:54 | DEBUG    | POST-136/310         | 📝 Processing: Advice from therapists who work abroad?...
2026-02-20 22:38:54 | DEBUG    | POST-136/310         | 🚫 Rejected: intent_not_hiring
2026-02-20 22:38:54 | DEBUG    | POST-137/310         | 📝 Processing: Upwork...
2026-02-20 22:38:54 | DEBUG    | POST-137/310         | 🚫 Rejected: intent_not_hiring
2026-02-20 22:38:54 | DEBUG    | POST-138/310         | 📝 Processing: Software Engineer with 5 years of experience planning to rel...
2026-02-20 22:38:54 | DEBUG    | POST-138/310         | 🚫 Rejected: intent_not_hiring
2026-02-20 22:38:54 | DEBUG    | POST-139/310         | 📝 Processing: timezone restrictions are such an annoyance when applying fo...
2026-02-20 22:38:54 | DEBUG    | POST-139/310         | 🚫 Rejected: intent_not_hiring
2026-02-20 22:38:54 | DEBUG    | POST-140/310         | 📝 Processing: Making money outside of working online? Market or Real estat...
2026-02-20 22:38:54 | DEBUG    | POST-140/310         | 🚫 Rejected: intent_not_hiring
2026-02-20 22:38:54 | DEBUG    | POST-141/310         | 📝 Processing: I got tired of scrolling through low-ball offers, so I compi...
2026-02-20 22:38:54 | DEBUG    | POST-141/310         | 🚫 Rejected: intent_not_hiring
2026-02-20 22:38:54 | DEBUG    | POST-142/310         | 📝 Processing: [offer] Getting paid to audition for gigs instead of writing...
2026-02-20 22:38:54 | DEBUG    | POST-142/310         | 🚫 Rejected: intent_offer
2026-02-20 22:38:54 | DEBUG    | POST-143/310         | 📝 Processing: My remote real estate income setup while traveling full-time...
2026-02-20 22:38:54 | DEBUG    | POST-143/310         | 🚫 Rejected: intent_not_hiring
2026-02-20 22:38:54 | DEBUG    | POST-144/310         | 📝 Processing: If you have to restart from scratch, would you choose path A...
2026-02-20 22:38:54 | DEBUG    | POST-144/310         | 🚫 Rejected: intent_not_hiring
2026-02-20 22:38:54 | DEBUG    | POST-145/310         | 📝 Processing: hired developer in brazil, laptop stuck in customs for 6 wee...
2026-02-20 22:38:54 | DEBUG    | POST-145/310         | 🚫 Rejected: intent_not_hiring
2026-02-20 22:38:54 | DEBUG    | POST-146/310         | 📝 Processing: Digital nomads from small or unknown countries, what was you...
2026-02-20 22:38:54 | DEBUG    | POST-146/310         | 🚫 Rejected: intent_not_hiring
2026-02-20 22:38:54 | DEBUG    | POST-147/310         | 📝 Processing: Solo founders building fintech apps - how do you handle QA/t...
2026-02-20 22:38:54 | DEBUG    | POST-147/310         | 🚫 Rejected: intent_not_hiring
2026-02-20 22:38:54 | DEBUG    | POST-148/310         | 📝 Processing: Tips from expats/nomads in Thailand?...
2026-02-20 22:38:54 | DEBUG    | POST-148/310         | 🚫 Rejected: intent_not_hiring
2026-02-20 22:38:54 | DEBUG    | POST-149/310         | 📝 Processing: Transitioning from Teaching → Customer Success → Tech Ops → ...
2026-02-20 22:38:54 | DEBUG    | POST-149/310         | 🚫 Rejected: intent_not_hiring
2026-02-20 22:38:54 | DEBUG    | POST-150/310         | 📝 Processing: Can I remain a regular employee after my work visa expires i...
2026-02-20 22:38:54 | DEBUG    | POST-150/310         | 🚫 Rejected: intent_not_hiring
2026-02-20 22:38:54 | DEBUG    | POST-151/310         | 📝 Processing: ¿Me conviene dedicarme al campo?...
2026-02-20 22:38:54 | DEBUG    | POST-151/310         | 🚫 Rejected: intent_not_hiring
2026-02-20 22:38:54 | DEBUG    | POST-152/310         | 📝 Processing: llevo 1 meses intentando buscar un trabajo remoto y no consi...
2026-02-20 22:38:54 | DEBUG    | POST-152/310         | 🚫 Rejected: intent_not_hiring
2026-02-20 22:38:54 | DEBUG    | POST-153/310         | 📝 Processing: llevo 1 meses intentando buscar un trabajo remoto y no consi...
2026-02-20 22:38:54 | DEBUG    | POST-153/310         | 🚫 Rejected: intent_not_hiring
2026-02-20 22:38:54 | DEBUG    | POST-154/310         | 📝 Processing: sueldos...
2026-02-20 22:38:54 | DEBUG    | POST-154/310         | 🚫 Rejected: intent_not_hiring
2026-02-20 22:38:54 | DEBUG    | POST-155/310         | 📝 Processing: Hay algún veterinario en el grupo?...
2026-02-20 22:38:54 | DEBUG    | POST-155/310         | 🚫 Rejected: intent_not_hiring
2026-02-20 22:38:54 | DEBUG    | POST-156/310         | 📝 Processing: Trabajo en equipo...
2026-02-20 22:38:54 | DEBUG    | POST-156/310         | 🚫 Rejected: intent_not_hiring
2026-02-20 22:38:54 | DEBUG    | POST-157/310         | 📝 Processing: ¿Soy un empleado asalariado o pretencioso?...
2026-02-20 22:38:54 | DEBUG    | POST-157/310         | 🚫 Rejected: intent_not_hiring
2026-02-20 22:38:54 | DEBUG    | POST-158/310         | 📝 Processing: Sanción y reducción de horario...
2026-02-20 22:38:54 | DEBUG    | POST-158/310         | 🚫 Rejected: intent_not_hiring
2026-02-20 22:38:54 | DEBUG    | POST-159/310         | 📝 Processing: Me dicen que soy un genio pero me negrean....
2026-02-20 22:38:54 | DEBUG    | POST-159/310         | 🚫 Rejected: intent_not_hiring
2026-02-20 22:38:54 | DEBUG    | POST-160/310         | 📝 Processing: ¿Me están re negreando o soy un mal agradecido?...
2026-02-20 22:38:54 | DEBUG    | POST-160/310         | 🚫 Rejected: intent_not_hiring
2026-02-20 22:38:54 | DEBUG    | POST-161/310         | 📝 Processing: Sueldo anestesiólogos argentina...
2026-02-20 22:38:54 | DEBUG    | POST-161/310         | 🚫 Rejected: intent_not_hiring
2026-02-20 22:38:54 | DEBUG    | POST-162/310         | 📝 Processing: Dibujante proyectista / CADista (info)...
2026-02-20 22:38:54 | DEBUG    | POST-162/310         | 🚫 Rejected: intent_not_hiring
2026-02-20 22:38:54 | DEBUG    | POST-163/310         | 📝 Processing: McDonald's/Burger/Neverland...
2026-02-20 22:38:54 | DEBUG    | POST-163/310         | 🚫 Rejected: intent_not_hiring
2026-02-20 22:38:54 | DEBUG    | POST-164/310         | 📝 Processing: Busco trabajo y voy para el fracaso...
2026-02-20 22:38:54 | DEBUG    | POST-164/310         | 🚫 Rejected: intent_not_hiring
2026-02-20 22:38:54 | DEBUG    | POST-165/310         | 📝 Processing: Buscar otro trabajo mientras estas en otro....
2026-02-20 22:38:54 | DEBUG    | POST-165/310         | 🚫 Rejected: intent_not_hiring
2026-02-20 22:38:54 | DEBUG    | POST-166/310         | 📝 Processing: Trabaje en hamburguesas express me despidieron ellos y me pi...
2026-02-20 22:38:54 | DEBUG    | POST-166/310         | 🚫 Rejected: intent_not_hiring
2026-02-20 22:38:54 | DEBUG    | POST-167/310         | 📝 Processing: linkedin me sirve para mi caso?...
2026-02-20 22:38:54 | DEBUG    | POST-167/310         | 🚫 Rejected: intent_not_hiring
2026-02-20 22:38:54 | DEBUG    | POST-168/310         | 📝 Processing: Busco intermediario, pago de hasta 800$...
2026-02-20 22:38:54 | DEBUG    | POST-168/310         | 🚫 Rejected: intent_not_hiring
2026-02-20 22:38:54 | DEBUG    | POST-169/310         | 📝 Processing: Buscar trabajo en fabrica...
2026-02-20 22:38:54 | DEBUG    | POST-169/310         | 🚫 Rejected: intent_not_hiring
2026-02-20 22:38:54 | DEBUG    | POST-170/310         | 📝 Processing: Hola! Quería saber si podrían indicarme empresas que contrat...
2026-02-20 22:38:54 | DEBUG    | BOT_DETECTOR         | 🤖 Suspicious username pattern: kalikali899020
2026-02-20 22:38:54 | DEBUG    | POST-170/310         | 🤖 Bot detected: suspicious_username
2026-02-20 22:38:54 | DEBUG    | POST-171/310         | 📝 Processing: Trabajo remoto para estadounidense desde Mexico...
2026-02-20 22:38:54 | DEBUG    | POST-171/310         | 🚫 Rejected: intent_not_hiring
2026-02-20 22:38:54 | DEBUG    | POST-172/310         | 📝 Processing: Experiencias tramitando Green card EB-2 sin patrocinador...
2026-02-20 22:38:54 | DEBUG    | POST-172/310         | 🚫 Rejected: intent_not_hiring
2026-02-20 22:38:54 | DEBUG    | POST-173/310         | 📝 Processing: Encontré un trabajo remoto, pero creo que no suena legal....
2026-02-20 22:38:54 | DEBUG    | POST-173/310         | 🚫 Rejected: intent_not_hiring
2026-02-20 22:38:54 | DEBUG    | POST-174/310         | 📝 Processing: Puedo tener dos trabajos remotos?...
2026-02-20 22:38:54 | DEBUG    | POST-174/310         | 🚫 Rejected: intent_not_hiring
2026-02-20 22:38:54 | DEBUG    | POST-175/310         | 📝 Processing: ¿Conocen trabajos profesionales en México que paguen mejor q...
2026-02-20 22:38:54 | DEBUG    | POST-175/310         | 🚫 Rejected: intent_not_hiring
2026-02-20 22:38:54 | DEBUG    | POST-176/310         | 📝 Processing: Maestria siendo Ingeniero...
2026-02-20 22:38:54 | DEBUG    | POST-176/310         | 🚫 Rejected: intent_not_hiring
2026-02-20 22:38:54 | DEBUG    | POST-177/310         | 📝 Processing: Recomiendan Starlink??...
2026-02-20 22:38:54 | DEBUG    | POST-177/310         | 🚫 Rejected: intent_not_hiring
2026-02-20 22:38:54 | DEBUG    | POST-178/310         | 📝 Processing: ¿Cómo se consigue trabajo que no sea Linkedin?...
2026-02-20 22:38:54 | DEBUG    | POST-178/310         | 🚫 Rejected: intent_not_hiring
2026-02-20 22:38:54 | DEBUG    | POST-179/310         | 📝 Processing: Me podría mudar desde USA a MX?...
2026-02-20 22:38:54 | DEBUG    | POST-179/310         | 🚫 Rejected: intent_not_hiring
2026-02-20 22:38:54 | DEBUG    | POST-180/310         | 📝 Processing: Recomienden zona chida para rentar en CDMX...
2026-02-20 22:38:54 | DEBUG    | POST-180/310         | 🚫 Rejected: intent_not_hiring
2026-02-20 22:38:54 | DEBUG    | POST-181/310         | 📝 Processing: [Hiring] Senior Python Engineer US-scale business intelligen...
2026-02-20 22:38:54 | DEBUG    | POST-181/310         | 💤 Already seen - skipping
2026-02-20 22:38:54 | DEBUG    | POST-182/310         | 📝 Processing: [For Hire] Python Tutor - Lessons and help with projects, ex...
2026-02-20 22:38:54 | DEBUG    | POST-182/310         | 🚫 Rejected: intent_for_hire
2026-02-20 22:38:54 | DEBUG    | POST-183/310         | 📝 Processing: [For Hire] Python Developer...
2026-02-20 22:38:54 | DEBUG    | POST-183/310         | 🚫 Rejected: intent_for_hire
2026-02-20 22:38:54 | DEBUG    | POST-184/310         | 📝 Processing: [Hiring] (Bulgaria/Balkans - Remote/Hybrid) Senior Full-Stac...
2026-02-20 22:38:54 | DEBUG    | POST-184/310         | 🔍 Performing deep bot check for user: 00Bands
2026-02-20 22:38:56 | DEBUG    | POST-184/310         | 🎯 Relevance score: 61
2026-02-20 22:38:56 | INFO     | POST-184/310         | 🧠 Analyzing with Local AI (Ollama)...
2026-02-20 22:39:02 | SUCCESS  | 💎 OPPORTUNITY        | 🎉 HIGH VALUE FOUND! Score: 70
2026-02-20 22:39:02 | SUCCESS  | 💎 OPPORTUNITY        |    Title: Senior Full-Stack Developer - Django/React
2026-02-20 22:39:02 | SUCCESS  | 💎 OPPORTUNITY        |    Price: $2000-3000/month
2026-02-20 22:39:02 | SUCCESS  | 💎 OPPORTUNITY        |    Stack: Python, Django, React, TypeScript, Next.js, PostgreSQL, Docker, REST APIs, Git, TailwindCSS, Material UI, Semantic UI React
2026-02-20 22:39:02 | SUCCESS  | 💎 OPPORTUNITY        |    URL: https://reddit.com/r/forhire/comments/1r7fimi/hiring_bulgari...
2026-02-20 22:39:02 | INFO     | ALERTING             | 📲 Sending Telegram alert...
2026-02-20 22:39:03 | INFO     | ALERTING             | ✓ Alert sent and saved to DB
2026-02-20 22:39:03 | DEBUG    | POST-185/310         | 📝 Processing: [FOR HIRE] Senior Full-Stack Engineer | React, Next.js, Type...
2026-02-20 22:39:03 | DEBUG    | POST-185/310         | 🚫 Rejected: intent_for_hire
2026-02-20 22:39:03 | DEBUG    | POST-186/310         | 📝 Processing: [For Hire] Stop copy-pasting manually. I can scrape websites...
2026-02-20 22:39:03 | DEBUG    | POST-186/310         | 🚫 Rejected: intent_for_hire
2026-02-20 22:39:03 | DEBUG    | POST-187/310         | 📝 Processing: [for hire] I'm available: Web Designer/Developer. Wordpress,...
2026-02-20 22:39:03 | DEBUG    | POST-187/310         | 🚫 Rejected: intent_for_hire
2026-02-20 22:39:03 | DEBUG    | POST-188/310         | 📝 Processing: [For Hire] Full-Stack Developer | Python, C, C++, Web Develo...
2026-02-20 22:39:03 | DEBUG    | POST-188/310         | 🚫 Rejected: intent_for_hire
2026-02-20 22:39:03 | DEBUG    | POST-189/310         | 📝 Processing: [FOR HIRE] Full-Stack Python Developer | 7 Years Experience ...
2026-02-20 22:39:03 | DEBUG    | POST-189/310         | 🚫 Rejected: intent_for_hire
2026-02-20 22:39:03 | DEBUG    | POST-190/310         | 📝 Processing: [Hiring] Looking for Python Developer to Build Polymarket Tr...
2026-02-20 22:39:03 | DEBUG    | POST-190/310         | 🚫 Rejected: scam_pattern
2026-02-20 22:39:03 | DEBUG    | POST-191/310         | 📝 Processing: [for hire] Build your desired website/app with me. For Hire ...
2026-02-20 22:39:03 | DEBUG    | POST-191/310         | 🚫 Rejected: intent_for_hire
2026-02-20 22:39:03 | DEBUG    | POST-192/310         | 📝 Processing: [For Hire] Web Scraping, Automation &amp; AI Integration -- ...
2026-02-20 22:39:03 | DEBUG    | POST-192/310         | 🚫 Rejected: intent_for_hire
2026-02-20 22:39:03 | DEBUG    | POST-193/310         | 📝 Processing: [For Hire] Web Scraping, Automation &amp; AI Integration -- ...
2026-02-20 22:39:03 | DEBUG    | POST-193/310         | 🚫 Rejected: intent_for_hire
2026-02-20 22:39:03 | DEBUG    | POST-194/310         | 📝 Processing: [For Hire] Web Scraping, Automation Software and custom Bots...
2026-02-20 22:39:03 | DEBUG    | POST-194/310         | 🚫 Rejected: intent_for_hire
2026-02-20 22:39:03 | DEBUG    | POST-195/310         | 📝 Processing: [For Hire] Stop copy-pasting manually. I can scrape websites...
2026-02-20 22:39:03 | DEBUG    | POST-195/310         | 🚫 Rejected: intent_for_hire
2026-02-20 22:39:03 | DEBUG    | POST-196/310         | 📝 Processing: [for hire] I'm available: Web Designer/Developer. Wordpress,...
2026-02-20 22:39:03 | DEBUG    | POST-196/310         | 🚫 Rejected: intent_for_hire
2026-02-20 22:39:03 | DEBUG    | POST-197/310         | 📝 Processing: [FOR HIRE] Full-Stack Developer &amp; Founder of Studio Auro...
2026-02-20 22:39:03 | DEBUG    | POST-197/310         | 🚫 Rejected: intent_for_hire
2026-02-20 22:39:03 | DEBUG    | POST-198/310         | 📝 Processing: [for hire] Build your desired website/app with me. For Hire ...
2026-02-20 22:39:03 | DEBUG    | POST-198/310         | 🚫 Rejected: intent_for_hire
2026-02-20 22:39:03 | DEBUG    | POST-199/310         | 📝 Processing: [for hire] Build your desired website/app with me. For Hire ...
2026-02-20 22:39:03 | DEBUG    | POST-199/310         | 🚫 Rejected: intent_for_hire
2026-02-20 22:39:03 | DEBUG    | POST-200/310         | 📝 Processing: [for hire] I'm available: Web Designer/Developer. Wordpress,...
2026-02-20 22:39:03 | DEBUG    | POST-200/310         | 🚫 Rejected: intent_for_hire
2026-02-20 22:39:03 | DEBUG    | POST-201/310         | 📝 Processing: [For Hire] Web Scraping, Automation &amp; AI Integration -- ...
2026-02-20 22:39:03 | DEBUG    | POST-201/310         | 🚫 Rejected: intent_for_hire
2026-02-20 22:39:03 | DEBUG    | POST-202/310         | 📝 Processing: [For Hire] Senior Full Stack Developer &amp; DevOps. Bots, W...
2026-02-20 22:39:03 | DEBUG    | POST-202/310         | 🚫 Rejected: intent_for_hire
2026-02-20 22:39:03 | DEBUG    | POST-203/310         | 📝 Processing: [For Hire] Web Scraping, Automation &amp; AI Integration -- ...
2026-02-20 22:39:03 | DEBUG    | POST-203/310         | 🚫 Rejected: intent_for_hire
2026-02-20 22:39:03 | DEBUG    | POST-204/310         | 📝 Processing: [For Hire] Web Scraping, Automation Software and custom Bots...
2026-02-20 22:39:03 | DEBUG    | POST-204/310         | 🚫 Rejected: intent_for_hire
2026-02-20 22:39:03 | DEBUG    | POST-205/310         | 📝 Processing: [for hire] I'm available: Web Designer/Developer. Wordpress,...
2026-02-20 22:39:03 | DEBUG    | POST-205/310         | 🚫 Rejected: intent_for_hire
2026-02-20 22:39:03 | DEBUG    | POST-206/310         | 📝 Processing: [For Hire] I create custom Discord bots, manage Discord serv...
2026-02-20 22:39:03 | DEBUG    | POST-206/310         | 🚫 Rejected: intent_for_hire
2026-02-20 22:39:03 | DEBUG    | POST-207/310         | 📝 Processing: [Hiring] Looking for Python Developer to Build Polymarket Tr...
2026-02-20 22:39:03 | DEBUG    | POST-207/310         | 🚫 Rejected: scam_pattern
2026-02-20 22:39:03 | DEBUG    | POST-208/310         | 📝 Processing: [For Hire] Bot and Automation Expert...
2026-02-20 22:39:03 | DEBUG    | POST-208/310         | 🚫 Rejected: intent_for_hire
2026-02-20 22:39:03 | DEBUG    | POST-209/310         | 📝 Processing: [For Hire] Telegram Bot Developer | Python | Automation, Pay...
2026-02-20 22:39:03 | DEBUG    | POST-209/310         | 🚫 Rejected: intent_for_hire
2026-02-20 22:39:03 | DEBUG    | POST-210/310         | 📝 Processing: [for hire] I'm available: Web Designer/Developer. Wordpress,...
2026-02-20 22:39:03 | DEBUG    | POST-210/310         | 🚫 Rejected: intent_for_hire
2026-02-20 22:39:03 | DEBUG    | POST-211/310         | 📝 Processing: [For hire] I will build custom AI Workflows and Automations ...
2026-02-20 22:39:03 | DEBUG    | POST-211/310         | 🚫 Rejected: intent_for_hire
2026-02-20 22:39:03 | DEBUG    | POST-212/310         | 📝 Processing: [For Hire] Nairobi, Kenya-Based: Simple Online Tasks, Chat M...
2026-02-20 22:39:03 | DEBUG    | POST-212/310         | 🚫 Rejected: intent_for_hire
2026-02-20 22:39:03 | DEBUG    | POST-213/310         | 📝 Processing: [For Hire] Fixing the exact pains killing your almost-ready ...
2026-02-20 22:39:03 | DEBUG    | POST-213/310         | 🚫 Rejected: intent_for_hire
2026-02-20 22:39:03 | DEBUG    | POST-214/310         | 📝 Processing: [For Hire] Custom automation scripts -- if it's repetitive, ...
2026-02-20 22:39:03 | DEBUG    | POST-214/310         | 🚫 Rejected: intent_for_hire
2026-02-20 22:39:03 | DEBUG    | POST-215/310         | 📝 Processing: [for hire] Build your desired website/app with me. For Hire ...
2026-02-20 22:39:03 | DEBUG    | POST-215/310         | 🚫 Rejected: intent_for_hire
2026-02-20 22:39:03 | DEBUG    | POST-216/310         | 📝 Processing: [For Hire] Web Scraping, Automation &amp; AI Integration -- ...
2026-02-20 22:39:03 | DEBUG    | POST-216/310         | 🚫 Rejected: intent_for_hire
2026-02-20 22:39:03 | DEBUG    | POST-217/310         | 📝 Processing: [Hiring] (Bulgaria/Balkans - Remote/Hybrid) Senior Full-Stac...
2026-02-20 22:39:03 | DEBUG    | POST-217/310         | 💤 Already seen - skipping
2026-02-20 22:39:03 | DEBUG    | POST-218/310         | 📝 Processing: [For Hire] Excel, Google Sheets &amp; Data Automation -- mac...
2026-02-20 22:39:03 | DEBUG    | POST-218/310         | 🚫 Rejected: intent_for_hire
2026-02-20 22:39:03 | DEBUG    | POST-219/310         | 📝 Processing: [For Hire] AI/ChatGPT integration &amp; automation -- custom...
2026-02-20 22:39:03 | DEBUG    | POST-219/310         | 🚫 Rejected: intent_for_hire
2026-02-20 22:39:03 | DEBUG    | POST-220/310         | 📝 Processing: [For Hire] Web Scraping, Automation &amp; AI Integration -- ...
2026-02-20 22:39:03 | DEBUG    | POST-220/310         | 🚫 Rejected: intent_for_hire
2026-02-20 22:39:03 | DEBUG    | POST-221/310         | 📝 Processing: [FOR HIRE] Self-taught Full Stack + Automation Engineer (C#/...
2026-02-20 22:39:03 | DEBUG    | POST-221/310         | 🚫 Rejected: intent_for_hire
2026-02-20 22:39:03 | DEBUG    | POST-222/310         | 📝 Processing: [For Hire] Professional Illustrator &amp; Graphic Designer |...
2026-02-20 22:39:03 | DEBUG    | POST-222/310         | 🚫 Rejected: intent_for_hire
2026-02-20 22:39:03 | DEBUG    | POST-223/310         | 📝 Processing: [For Hire] Software Engineer for Quick Fixes &amp; Short-Ter...
2026-02-20 22:39:03 | DEBUG    | POST-223/310         | 🚫 Rejected: intent_for_hire
2026-02-20 22:39:03 | DEBUG    | POST-224/310         | 📝 Processing: [HIRING] NetSuite Developers &amp; Administrators...
2026-02-20 22:39:03 | DEBUG    | POST-224/310         | 💤 Already seen - skipping
2026-02-20 22:39:03 | DEBUG    | POST-225/310         | 📝 Processing: [For Hire] Full-Stack .NET Developer | Remote (EU) | Freelan...
2026-02-20 22:39:03 | DEBUG    | POST-225/310         | 🚫 Rejected: intent_for_hire
2026-02-20 22:39:03 | DEBUG    | POST-226/310         | 📝 Processing: [FOR HIRE] Backend / Full-Stack Developer – Remote (Mexico-b...
2026-02-20 22:39:03 | DEBUG    | POST-226/310         | 🚫 Rejected: intent_for_hire
2026-02-20 22:39:03 | DEBUG    | POST-227/310         | 📝 Processing: [For Hire] Senior .NET Backend Engineer — Remote / Part-Time...
2026-02-20 22:39:03 | DEBUG    | POST-227/310         | 🚫 Rejected: intent_for_hire
2026-02-20 22:39:03 | DEBUG    | POST-228/310         | 📝 Processing: [FOR HIRE] Retainer-based graphic design for small businesse...
2026-02-20 22:39:03 | DEBUG    | POST-228/310         | 🚫 Rejected: intent_for_hire
2026-02-20 22:39:03 | DEBUG    | POST-229/310         | 📝 Processing: [For Hire] .NET Code Reviews, PR Audits, DB Overview/Archite...
2026-02-20 22:39:03 | DEBUG    | POST-229/310         | 🚫 Rejected: intent_for_hire
2026-02-20 22:39:03 | DEBUG    | POST-230/310         | 📝 Processing: [For Hire] Final Year AI/ML B.Tech Student | Research Intern...
2026-02-20 22:39:03 | DEBUG    | POST-230/310         | 🚫 Rejected: intent_for_hire
2026-02-20 22:39:03 | DEBUG    | POST-231/310         | 📝 Processing: [FOR HIRE] Self-taught Full Stack + Automation Engineer (C#/...
2026-02-20 22:39:03 | DEBUG    | POST-231/310         | 🚫 Rejected: intent_for_hire
2026-02-20 22:39:03 | DEBUG    | POST-232/310         | 📝 Processing: [For Hire] Full-Stack Developer | Python, C, C++, Web Develo...
2026-02-20 22:39:03 | DEBUG    | POST-232/310         | 🚫 Rejected: intent_for_hire
2026-02-20 22:39:03 | DEBUG    | POST-233/310         | 📝 Processing: [Hiring] Reverse Engineer 20'000$-30'000$/month (C++)...
2026-02-20 22:39:03 | DEBUG    | POST-233/310         | 🔍 Performing deep bot check for user: DeepStruggl3s
2026-02-20 22:39:06 | DEBUG    | POST-233/310         | 🎯 Relevance score: 20
2026-02-20 22:39:06 | INFO     | POST-233/310         | 🧠 Analyzing with Local AI (Ollama)...
2026-02-20 22:39:09 | SUCCESS  | 💎 OPPORTUNITY        | 🎉 HIGH VALUE FOUND! Score: 70
2026-02-20 22:39:09 | SUCCESS  | 💎 OPPORTUNITY        |    Title: Remote Reverse Engineer
2026-02-20 22:39:09 | SUCCESS  | 💎 OPPORTUNITY        |    Price: $20'000-$30'000/month
2026-02-20 22:39:09 | SUCCESS  | 💎 OPPORTUNITY        |    Stack: C++
2026-02-20 22:39:09 | SUCCESS  | 💎 OPPORTUNITY        |    URL: https://reddit.com/r/forhire/comments/1r57fnl/hiring_reverse...
2026-02-20 22:39:09 | INFO     | ALERTING             | 📲 Sending Telegram alert...
2026-02-20 22:39:09 | INFO     | ALERTING             | ✓ Alert sent and saved to DB
2026-02-20 22:39:09 | DEBUG    | POST-234/310         | 📝 Processing: [Hiring] HR Consultants: Internship Opportunity...
2026-02-20 22:39:09 | DEBUG    | POST-234/310         | 💤 Already seen - skipping
2026-02-20 22:39:09 | DEBUG    | POST-235/310         | 📝 Processing: [For Hire] Software Engineer for Quick Fixes &amp; Short-Ter...
2026-02-20 22:39:09 | DEBUG    | POST-235/310         | 🚫 Rejected: intent_for_hire
2026-02-20 22:39:09 | DEBUG    | POST-236/310         | 📝 Processing: [For Hire] Want a personal assistant who is trustworthy and ...
2026-02-20 22:39:09 | DEBUG    | POST-236/310         | 🚫 Rejected: intent_for_hire
2026-02-20 22:39:09 | DEBUG    | POST-237/310         | 📝 Processing: [For Hire] Senior Code Performance Specialist (C++, C#, Pyth...
2026-02-20 22:39:09 | DEBUG    | POST-237/310         | 🚫 Rejected: intent_for_hire
2026-02-20 22:39:09 | DEBUG    | POST-238/310         | 📝 Processing: [FOR HIRE] Backend / Full-Stack Developer – Remote (Mexico-b...
2026-02-20 22:39:09 | DEBUG    | POST-238/310         | 🚫 Rejected: intent_for_hire
2026-02-20 22:39:09 | DEBUG    | POST-239/310         | 📝 Processing: [Hiring] (Online) Graphic artist who can tweak a pre-existin...
2026-02-20 22:39:09 | DEBUG    | POST-239/310         | 💤 Already seen - skipping
2026-02-20 22:39:09 | DEBUG    | POST-240/310         | 📝 Processing: [For Hire] | Simple blender animator | About $5/animation (m...
2026-02-20 22:39:09 | DEBUG    | POST-240/310         | 🚫 Rejected: intent_for_hire
2026-02-20 22:39:09 | DEBUG    | POST-241/310         | 📝 Processing: How to -- Pay someone to take my HESI A2 Exam - Pay Someone ...
2026-02-20 22:39:09 | DEBUG    | POST-241/310         | 🚫 Rejected: intent_not_hiring
2026-02-20 22:39:09 | DEBUG    | POST-242/310         | 📝 Processing: Praxis Exam Help - Praxis Test Help - Cheat on Praxis Exam -...
2026-02-20 22:39:09 | DEBUG    | POST-242/310         | 🚫 Rejected: intent_not_hiring
2026-02-20 22:39:09 | DEBUG    | POST-243/310         | 📝 Processing: Hiring: Software Engineer - Python - 7 years exp (U.S. citiz...
2026-02-20 22:39:09 | DEBUG    | POST-243/310         | 🔍 Performing deep bot check for user: vertigo72
2026-02-20 22:39:11 | DEBUG    | POST-243/310         | 🎯 Relevance score: 15
2026-02-20 22:39:11 | INFO     | POST-243/310         | 🧠 Analyzing with Local AI (Ollama)...
2026-02-20 22:39:14 | SUCCESS  | 💎 OPPORTUNITY        | 🎉 HIGH VALUE FOUND! Score: 75
2026-02-20 22:39:14 | SUCCESS  | 💎 OPPORTUNITY        |    Title: Software Engineer - Python
2026-02-20 22:39:14 | SUCCESS  | 💎 OPPORTUNITY        |    Price: $35-$55/hr
2026-02-20 22:39:14 | SUCCESS  | 💎 OPPORTUNITY        |    Stack: Python
2026-02-20 22:39:14 | SUCCESS  | 💎 OPPORTUNITY        |    URL: https://reddit.com/r/PythonJobs/comments/1racj2b/hiring_soft...
2026-02-20 22:39:14 | INFO     | ALERTING             | 📲 Sending Telegram alert...
2026-02-20 22:39:15 | INFO     | ALERTING             | ✓ Alert sent and saved to DB
2026-02-20 22:39:15 | DEBUG    | POST-244/310         | 📝 Processing: 💻 [FOR HIRE] Full-Stack Developer | Python • JavaScript • SQ...
2026-02-20 22:39:15 | DEBUG    | POST-244/310         | 🚫 Rejected: intent_for_hire
2026-02-20 22:39:15 | DEBUG    | POST-245/310         | 📝 Processing: [Hiring] Software Engineer - Python - 7 years exp (U.S. citi...
2026-02-20 22:39:15 | DEBUG    | POST-245/310         | 🔍 Performing deep bot check for user: vertigo72
2026-02-20 22:39:18 | DEBUG    | POST-245/310         | 🎯 Relevance score: 15
2026-02-20 22:39:18 | INFO     | POST-245/310         | 🧠 Analyzing with Local AI (Ollama)...
2026-02-20 22:39:21 | SUCCESS  | 💎 OPPORTUNITY        | 🎉 HIGH VALUE FOUND! Score: 90
2026-02-20 22:39:21 | SUCCESS  | 💎 OPPORTUNITY        |    Title: Software Engineer - Python
2026-02-20 22:39:21 | SUCCESS  | 💎 OPPORTUNITY        |    Price: $40-$60/hr
2026-02-20 22:39:21 | SUCCESS  | 💎 OPPORTUNITY        |    Stack: Python
2026-02-20 22:39:21 | SUCCESS  | 💎 OPPORTUNITY        |    URL: https://reddit.com/r/FreelanceProgramming/comments/1rac1f2/h...
2026-02-20 22:39:21 | INFO     | ALERTING             | 📲 Sending Telegram alert...
2026-02-20 22:39:22 | INFO     | ALERTING             | ✓ Alert sent and saved to DB
2026-02-20 22:39:22 | DEBUG    | POST-246/310         | 📝 Processing: [HIRING] a Software Engineer Lead – Automation Anywhere/Pyth...
2026-02-20 22:39:22 | DEBUG    | POST-246/310         | 🔍 Performing deep bot check for user: rrmdp
2026-02-20 22:39:25 | DEBUG    | POST-246/310         | 🎯 Relevance score: 40
2026-02-20 22:39:25 | INFO     | POST-246/310         | 🧠 Analyzing with Local AI (Ollama)...
2026-02-20 22:39:29 | SUCCESS  | 💎 OPPORTUNITY        | 🎉 HIGH VALUE FOUND! Score: 115
2026-02-20 22:39:29 | SUCCESS  | 💎 OPPORTUNITY        |    Title: Software Engineer Lead – Automation Anywhere/Python/JAVA
2026-02-20 22:39:29 | SUCCESS  | 💎 OPPORTUNITY        |    Price: 
2026-02-20 22:39:29 | SUCCESS  | 💎 OPPORTUNITY        |    Stack: Python, Java, Automation
2026-02-20 22:39:29 | SUCCESS  | 💎 OPPORTUNITY        |    URL: https://reddit.com/r/jobboardsearch/comments/1raarpa/hiring_...
2026-02-20 22:39:29 | INFO     | ALERTING             | 📲 Sending Telegram alert...
2026-02-20 22:39:30 | INFO     | ALERTING             | ✓ Alert sent and saved to DB
2026-02-20 22:39:30 | DEBUG    | POST-247/310         | 📝 Processing: [HIRING] a DevOps + Python Developer! in Owlish...
2026-02-20 22:39:30 | DEBUG    | POST-247/310         | 🔍 Performing deep bot check for user: rrmdp
2026-02-20 22:39:32 | DEBUG    | POST-247/310         | 🎯 Relevance score: 30
2026-02-20 22:39:32 | INFO     | POST-247/310         | 🧠 Analyzing with Local AI (Ollama)...
2026-02-20 22:39:35 | SUCCESS  | 💎 OPPORTUNITY        | 🎉 HIGH VALUE FOUND! Score: 80
2026-02-20 22:39:35 | SUCCESS  | 💎 OPPORTUNITY        |    Title: DevOps + Python Developer!
2026-02-20 22:39:35 | SUCCESS  | 💎 OPPORTUNITY        |    Price: 
2026-02-20 22:39:35 | SUCCESS  | 💎 OPPORTUNITY        |    Stack: Python, DevOps
2026-02-20 22:39:35 | SUCCESS  | 💎 OPPORTUNITY        |    URL: https://reddit.com/r/jobboardsearch/comments/1raao5f/hiring_...
2026-02-20 22:39:35 | INFO     | ALERTING             | 📲 Sending Telegram alert...
2026-02-20 22:39:36 | INFO     | ALERTING             | ✓ Alert sent and saved to DB
2026-02-20 22:39:36 | DEBUG    | POST-248/310         | 📝 Processing: 💻 [FOR HIRE] Full-Stack Developer | Python • JavaScript • SQ...
2026-02-20 22:39:36 | DEBUG    | POST-248/310         | 🚫 Rejected: intent_for_hire
2026-02-20 22:39:36 | DEBUG    | POST-249/310         | 📝 Processing: [HIRING] a Software Engineer (Python), Institutional! in Blo...
2026-02-20 22:39:36 | DEBUG    | POST-249/310         | 🚫 Rejected: scam_pattern
2026-02-20 22:39:36 | DEBUG    | POST-250/310         | 📝 Processing: [HIRING] a Senior Python AI Engineer! in Proxify AB...
2026-02-20 22:39:36 | DEBUG    | POST-250/310         | 🔍 Performing deep bot check for user: rrmdp
2026-02-20 22:39:38 | DEBUG    | POST-250/310         | 🎯 Relevance score: 30
2026-02-20 22:39:38 | INFO     | POST-250/310         | 🧠 Analyzing with Local AI (Ollama)...
2026-02-20 22:39:42 | SUCCESS  | 💎 OPPORTUNITY        | 🎉 HIGH VALUE FOUND! Score: 110
2026-02-20 22:39:42 | SUCCESS  | 💎 OPPORTUNITY        |    Title: Senior Python AI Engineer
2026-02-20 22:39:42 | SUCCESS  | 💎 OPPORTUNITY        |    Price: 
2026-02-20 22:39:42 | SUCCESS  | 💎 OPPORTUNITY        |    Stack: Python, Django, ReactJS, VueJS, Postgres
2026-02-20 22:39:42 | SUCCESS  | 💎 OPPORTUNITY        |    URL: https://reddit.com/r/jobboardsearch/comments/1raaj4w/hiring_...
2026-02-20 22:39:42 | INFO     | ALERTING             | 📲 Sending Telegram alert...
2026-02-20 22:39:43 | INFO     | ALERTING             | ✓ Alert sent and saved to DB
2026-02-20 22:39:43 | DEBUG    | POST-251/310         | 📝 Processing: Exploring multiple channels marketing...
2026-02-20 22:39:43 | DEBUG    | POST-251/310         | 🚫 Rejected: intent_not_hiring
2026-02-20 22:39:43 | DEBUG    | POST-252/310         | 📝 Processing: Colosseum Codex: State of Solana Q4, Prop AMM Challenge, Kam...
2026-02-20 22:39:43 | DEBUG    | POST-252/310         | 🚫 Rejected: intent_not_hiring
2026-02-20 22:39:43 | DEBUG    | POST-253/310         | 📝 Processing: I tested 9 ClawHub skills so you don't have to — here's what...
2026-02-20 22:39:43 | DEBUG    | POST-253/310         | 🚫 Rejected: intent_not_hiring
2026-02-20 22:39:43 | DEBUG    | POST-254/310         | 📝 Processing: A BLESSING IN DISGUISE...
2026-02-20 22:39:43 | DEBUG    | POST-254/310         | 🚫 Rejected: intent_not_hiring
2026-02-20 22:39:43 | DEBUG    | POST-255/310         | 📝 Processing: My dream is decaying and I'm overwhelmed and stuck....
2026-02-20 22:39:43 | DEBUG    | POST-255/310         | 🚫 Rejected: intent_not_hiring
2026-02-20 22:39:43 | DEBUG    | POST-256/310         | 📝 Processing: Intent signals: Noise or goldmine?...
2026-02-20 22:39:43 | DEBUG    | POST-256/310         | 🚫 Rejected: intent_not_hiring
2026-02-20 22:39:43 | DEBUG    | POST-257/310         | 📝 Processing: Are intent signals useful or not?...
2026-02-20 22:39:43 | DEBUG    | POST-257/310         | 🚫 Rejected: intent_not_hiring
2026-02-20 22:39:43 | DEBUG    | POST-258/310         | 📝 Processing: Are intent signals just noise?...
2026-02-20 22:39:43 | DEBUG    | POST-258/310         | 🚫 Rejected: intent_not_hiring
2026-02-20 22:39:43 | DEBUG    | POST-259/310         | 📝 Processing: Intent signals: noise or valuable?...
2026-02-20 22:39:43 | DEBUG    | POST-259/310         | 🚫 Rejected: intent_not_hiring
2026-02-20 22:39:43 | DEBUG    | POST-260/310         | 📝 Processing: Are intent signals just noise or actually valuable?...
2026-02-20 22:39:43 | DEBUG    | POST-260/310         | 🚫 Rejected: intent_not_hiring
2026-02-20 22:39:43 | DEBUG    | POST-261/310         | 📝 Processing: Udemy Free Courses for 06 February 2026...
2026-02-20 22:39:43 | DEBUG    | POST-261/310         | 🚫 Rejected: intent_not_hiring
2026-02-20 22:39:43 | DEBUG    | POST-262/310         | 📝 Processing: Udemy Free Courses for 06 February 2026...
2026-02-20 22:39:43 | DEBUG    | POST-262/310         | 🚫 Rejected: intent_not_hiring
2026-02-20 22:39:43 | DEBUG    | POST-263/310         | 📝 Processing: Automatizando roleplays con IA para evaluar roles customer-f...
2026-02-20 22:39:43 | DEBUG    | POST-263/310         | 🚫 Rejected: intent_not_hiring
2026-02-20 22:39:43 | DEBUG    | POST-264/310         | 📝 Processing: Resumen Estratégico Semanal: Violación de TEEs con Ataques S...
2026-02-20 22:39:43 | DEBUG    | POST-264/310         | 🚫 Rejected: intent_not_hiring
2026-02-20 22:39:43 | DEBUG    | POST-265/310         | 📝 Processing: Tendencia fuerte: caída en la contratación de roles clásicos...
2026-02-20 22:39:43 | DEBUG    | POST-265/310         | 🚫 Rejected: intent_not_hiring
2026-02-20 22:39:43 | DEBUG    | POST-266/310         | 📝 Processing: Ayuda con decidir carrera...
2026-02-20 22:39:43 | DEBUG    | POST-266/310         | 🚫 Rejected: intent_not_hiring
2026-02-20 22:39:43 | DEBUG    | POST-267/310         | 📝 Processing: 📢 Jabil is hiring a Lead Automation Engineer I (Técnico de A...
2026-02-20 22:39:43 | DEBUG    | POST-267/310         | 💤 Already seen - skipping
2026-02-20 22:39:43 | DEBUG    | POST-268/310         | 📝 Processing: List of FREE and Best Selling Discounted Courses...
2026-02-20 22:39:43 | DEBUG    | POST-268/310         | 🚫 Rejected: intent_not_hiring
2026-02-20 22:39:43 | DEBUG    | POST-269/310         | 📝 Processing: List of FREE and Best Selling Discounted Courses...
2026-02-20 22:39:43 | DEBUG    | POST-269/310         | 🚫 Rejected: intent_not_hiring
2026-02-20 22:39:43 | DEBUG    | POST-270/310         | 📝 Processing: Nuevos retos para R.R.H.H...
2026-02-20 22:39:43 | DEBUG    | POST-270/310         | 🚫 Rejected: intent_not_hiring
2026-02-20 22:39:43 | DEBUG    | POST-271/310         | 📝 Processing: Colosseum Codex: State of Solana Q4, Prop AMM Challenge, Kam...
2026-02-20 22:39:43 | DEBUG    | POST-271/310         | 🚫 Rejected: intent_not_hiring
2026-02-20 22:39:43 | DEBUG    | POST-272/310         | 📝 Processing: fast food jobs are Hell for us...
2026-02-20 22:39:43 | DEBUG    | POST-272/310         | 🚫 Rejected: intent_not_hiring
2026-02-20 22:39:43 | DEBUG    | POST-273/310         | 📝 Processing: fast food jobs are Hell for us...
2026-02-20 22:39:43 | DEBUG    | POST-273/310         | 🚫 Rejected: intent_not_hiring
2026-02-20 22:39:43 | DEBUG    | POST-274/310         | 📝 Processing: fast food jobs are Hell for us...
2026-02-20 22:39:43 | DEBUG    | POST-274/310         | 🚫 Rejected: intent_not_hiring
2026-02-20 22:39:43 | DEBUG    | POST-275/310         | 📝 Processing: I tested 9 ClawHub skills so you don't have to — here's what...
2026-02-20 22:39:43 | DEBUG    | POST-275/310         | 🚫 Rejected: intent_not_hiring
2026-02-20 22:39:43 | DEBUG    | POST-276/310         | 📝 Processing: [Episode] The Pentagon vs. Anthropic + An A.I. Agent Slander...
2026-02-20 22:39:43 | DEBUG    | BOT_DETECTOR         | 🤖 Suspicious username pattern: HardForkBot
2026-02-20 22:39:43 | DEBUG    | POST-276/310         | 🤖 Bot detected: suspicious_username
2026-02-20 22:39:43 | DEBUG    | POST-277/310         | 📝 Processing: ✦ Experienced developer for hire &amp; looking for friends!...
2026-02-20 22:39:43 | DEBUG    | POST-277/310         | 🚫 Rejected: intent_for_hire
2026-02-20 22:39:43 | DEBUG    | POST-278/310         | 📝 Processing: ✦ Experienced developer for hire &amp; looking for friends!...
2026-02-20 22:39:43 | DEBUG    | POST-278/310         | 🚫 Rejected: intent_for_hire
2026-02-20 22:39:43 | DEBUG    | POST-279/310         | 📝 Processing: ✦ Experienced developer for hire &amp; looking for friends!...
2026-02-20 22:39:43 | DEBUG    | POST-279/310         | 🚫 Rejected: intent_for_hire
2026-02-20 22:39:43 | DEBUG    | POST-280/310         | 📝 Processing: ✦ Experienced developer for hire &amp; looking for friends!...
2026-02-20 22:39:43 | DEBUG    | POST-280/310         | 🚫 Rejected: intent_for_hire
2026-02-20 22:39:43 | DEBUG    | POST-281/310         | 📝 Processing: [Hiring] Urgent : Male Part-Time Virtual Assistants Needed (...
2026-02-20 22:39:43 | DEBUG    | POST-281/310         | 🔍 Performing deep bot check for user: thegreatIntex
2026-02-20 22:39:44 | DEBUG    | POST-281/310         | 🎯 Relevance score: 20
2026-02-20 22:39:44 | INFO     | POST-281/310         | 🧠 Analyzing with Local AI (Ollama)...
2026-02-20 22:39:47 | SUCCESS  | 💎 OPPORTUNITY        | 🎉 HIGH VALUE FOUND! Score: 70
2026-02-20 22:39:47 | SUCCESS  | 💎 OPPORTUNITY        |    Title: Part-Time Virtual Assistant
2026-02-20 22:39:47 | SUCCESS  | 💎 OPPORTUNITY        |    Price: $15-$25 per hour
2026-02-20 22:39:47 | SUCCESS  | 💎 OPPORTUNITY        |    Stack: 
2026-02-20 22:39:47 | SUCCESS  | 💎 OPPORTUNITY        |    URL: https://reddit.com/r/freelance_forhire/comments/1rafhvq/hiri...
2026-02-20 22:39:47 | INFO     | ALERTING             | 📲 Sending Telegram alert...
2026-02-20 22:39:48 | INFO     | ALERTING             | ✓ Alert sent and saved to DB
2026-02-20 22:39:48 | DEBUG    | POST-282/310         | 📝 Processing: Hiring remote workers...
2026-02-20 22:39:48 | DEBUG    | POST-282/310         | 🔍 Performing deep bot check for user: Comfortable_Tip_9562
2026-02-20 22:39:51 | DEBUG    | BOT_DETECTOR         | 🤖 Low karma: 14 for Comfortable_Tip_9562
2026-02-20 22:39:51 | WARNING  | POST-282/310         | 🤖 Deep Bot Detected: low_karma_14
2026-02-20 22:39:51 | DEBUG    | POST-283/310         | 📝 Processing: [Hiring] [Remote] Web developers, Dev Ops $70-$150 / hr...
2026-02-20 22:39:51 | DEBUG    | POST-283/310         | 🔍 Performing deep bot check for user: Reasonable_Salary182
2026-02-20 22:39:53 | DEBUG    | POST-283/310         | 🎯 Relevance score: 26
2026-02-20 22:39:53 | INFO     | POST-283/310         | 🧠 Analyzing with Local AI (Ollama)...
2026-02-20 22:39:59 | SUCCESS  | 💎 OPPORTUNITY        | 🎉 HIGH VALUE FOUND! Score: 106
2026-02-20 22:39:59 | SUCCESS  | 💎 OPPORTUNITY        |    Title: Web Developers & DevOps
2026-02-20 22:39:59 | SUCCESS  | 💎 OPPORTUNITY        |    Price: $70-$150 / hr
2026-02-20 22:39:59 | SUCCESS  | 💎 OPPORTUNITY        |    Stack: React/Vue/Angular, HTML/CSS, Node.js/Django/Spring, API development & microservices, Database architecture & optimization, Relational & NoSQL databases, CI/CD pipelines, cloud infrastructure (AWS/GCP/Azure), Containerization & Orchestration (Docker/Kubernetes)
2026-02-20 22:39:59 | SUCCESS  | 💎 OPPORTUNITY        |    URL: https://reddit.com/r/u_Reasonable_Salary182/comments/1raf1a5...
2026-02-20 22:39:59 | INFO     | ALERTING             | 📲 Sending Telegram alert...
2026-02-20 22:39:59 | INFO     | ALERTING             | ✓ Alert sent and saved to DB
2026-02-20 22:39:59 | DEBUG    | POST-284/310         | 📝 Processing: [HIRING] a Graphic Designer - (Remote, Global - Poland - Phi...
2026-02-20 22:39:59 | DEBUG    | POST-284/310         | 🔍 Performing deep bot check for user: rrmdp
2026-02-20 22:40:02 | DEBUG    | POST-284/310         | 🎯 Relevance score: 20
2026-02-20 22:40:02 | INFO     | POST-284/310         | 🧠 Analyzing with Local AI (Ollama)...
2026-02-20 22:40:05 | SUCCESS  | 💎 OPPORTUNITY        | 🎉 HIGH VALUE FOUND! Score: 80
2026-02-20 22:40:05 | SUCCESS  | 💎 OPPORTUNITY        |    Title: Graphic Designer
2026-02-20 22:40:05 | SUCCESS  | 💎 OPPORTUNITY        |    Price: 50K - 80K
2026-02-20 22:40:05 | SUCCESS  | 💎 OPPORTUNITY        |    Stack: 
2026-02-20 22:40:05 | SUCCESS  | 💎 OPPORTUNITY        |    URL: https://reddit.com/r/jobboardsearch/comments/1raet3i/hiring_...
2026-02-20 22:40:05 | INFO     | ALERTING             | 📲 Sending Telegram alert...
2026-02-20 22:40:06 | INFO     | ALERTING             | ✓ Alert sent and saved to DB
2026-02-20 22:40:06 | DEBUG    | POST-285/310         | 📝 Processing: 📢 is [hiring] a Senior Portfolio Marketing Manager - Renisha...
2026-02-20 22:40:06 | DEBUG    | POST-285/310         | 🔍 Performing deep bot check for user: rrmdp
2026-02-20 22:40:08 | DEBUG    | POST-285/310         | 🎯 Relevance score: 32
2026-02-20 22:40:08 | INFO     | POST-285/310         | 🧠 Analyzing with Local AI (Ollama)...
2026-02-20 22:40:10 | SUCCESS  | 💎 OPPORTUNITY        | 🎉 HIGH VALUE FOUND! Score: 32
2026-02-20 22:40:10 | SUCCESS  | 💎 OPPORTUNITY        |    Title: Senior Portfolio Marketing Manager
2026-02-20 22:40:10 | SUCCESS  | 💎 OPPORTUNITY        |    Price: 
2026-02-20 22:40:10 | SUCCESS  | 💎 OPPORTUNITY        |    Stack: 
2026-02-20 22:40:10 | SUCCESS  | 💎 OPPORTUNITY        |    URL: https://reddit.com/r/jobboardsearch/comments/1raesxv/is_hiri...
2026-02-20 22:40:10 | INFO     | ALERTING             | 📲 Sending Telegram alert...
2026-02-20 22:40:11 | INFO     | ALERTING             | ✓ Alert sent and saved to DB
2026-02-20 22:40:11 | DEBUG    | POST-286/310         | 📝 Processing: 📢 is [hiring] a Senior Marketing Manager, NIPT - Natera - Sa...
2026-02-20 22:40:11 | DEBUG    | POST-286/310         | 🔍 Performing deep bot check for user: rrmdp
2026-02-20 22:40:14 | DEBUG    | POST-286/310         | 🎯 Relevance score: 32
2026-02-20 22:40:14 | INFO     | POST-286/310         | 🧠 Analyzing with Local AI (Ollama)...
2026-02-20 22:40:17 | SUCCESS  | 💎 OPPORTUNITY        | 🎉 HIGH VALUE FOUND! Score: 32
2026-02-20 22:40:17 | SUCCESS  | 💎 OPPORTUNITY        |    Title: Senior Marketing Manager
2026-02-20 22:40:17 | SUCCESS  | 💎 OPPORTUNITY        |    Price: 
2026-02-20 22:40:17 | SUCCESS  | 💎 OPPORTUNITY        |    Stack: 
2026-02-20 22:40:17 | SUCCESS  | 💎 OPPORTUNITY        |    URL: https://reddit.com/r/jobboardsearch/comments/1raersi/is_hiri...
2026-02-20 22:40:17 | INFO     | ALERTING             | 📲 Sending Telegram alert...
2026-02-20 22:40:17 | INFO     | ALERTING             | ✓ Alert sent and saved to DB
2026-02-20 22:40:17 | DEBUG    | POST-287/310         | 📝 Processing: 📢 is [hiring] a Senior Marketing Operations Manager - Wistia...
2026-02-20 22:40:17 | DEBUG    | POST-287/310         | 🔍 Performing deep bot check for user: rrmdp
2026-02-20 22:40:19 | DEBUG    | POST-287/310         | 🎯 Relevance score: 32
2026-02-20 22:40:19 | INFO     | POST-287/310         | 🧠 Analyzing with Local AI (Ollama)...
2026-02-20 22:40:22 | SUCCESS  | 💎 OPPORTUNITY        | 🎉 HIGH VALUE FOUND! Score: 32
2026-02-20 22:40:22 | SUCCESS  | 💎 OPPORTUNITY        |    Title: Senior Marketing Operations Manager
2026-02-20 22:40:22 | SUCCESS  | 💎 OPPORTUNITY        |    Price: 
2026-02-20 22:40:22 | SUCCESS  | 💎 OPPORTUNITY        |    Stack: 
2026-02-20 22:40:22 | SUCCESS  | 💎 OPPORTUNITY        |    URL: https://reddit.com/r/jobboardsearch/comments/1raerhz/is_hiri...
2026-02-20 22:40:22 | INFO     | ALERTING             | 📲 Sending Telegram alert...
2026-02-20 22:40:23 | INFO     | ALERTING             | ✓ Alert sent and saved to DB
2026-02-20 22:40:23 | DEBUG    | POST-288/310         | 📝 Processing: 📢 is [hiring] a Product Marketing Manager - Qualia - Austin,...
2026-02-20 22:40:23 | DEBUG    | POST-288/310         | 🔍 Performing deep bot check for user: rrmdp
2026-02-20 22:40:24 | DEBUG    | POST-288/310         | 🎯 Relevance score: 32
2026-02-20 22:40:24 | INFO     | POST-288/310         | 🧠 Analyzing with Local AI (Ollama)...
2026-02-20 22:40:27 | SUCCESS  | 💎 OPPORTUNITY        | 🎉 HIGH VALUE FOUND! Score: 82
2026-02-20 22:40:27 | SUCCESS  | 💎 OPPORTUNITY        |    Title: Product Marketing Manager - Qualia
2026-02-20 22:40:27 | SUCCESS  | 💎 OPPORTUNITY        |    Price: None
2026-02-20 22:40:27 | SUCCESS  | 💎 OPPORTUNITY        |    Stack: 
2026-02-20 22:40:27 | SUCCESS  | 💎 OPPORTUNITY        |    URL: https://reddit.com/r/jobboardsearch/comments/1raeqa1/is_hiri...
2026-02-20 22:40:27 | INFO     | ALERTING             | 📲 Sending Telegram alert...
2026-02-20 22:40:28 | INFO     | ALERTING             | ✓ Alert sent and saved to DB
2026-02-20 22:40:28 | DEBUG    | POST-289/310         | 📝 Processing: [HIRING] a Associate Director, Unified Communications and Co...
2026-02-20 22:40:28 | DEBUG    | POST-289/310         | 🔍 Performing deep bot check for user: rrmdp
2026-02-20 22:40:30 | DEBUG    | POST-289/310         | 🎯 Relevance score: 20
2026-02-20 22:40:30 | INFO     | POST-289/310         | 🧠 Analyzing with Local AI (Ollama)...
2026-02-20 22:40:33 | SUCCESS  | 💎 OPPORTUNITY        | 🎉 HIGH VALUE FOUND! Score: 20
2026-02-20 22:40:33 | SUCCESS  | 💎 OPPORTUNITY        |    Title: Associate Director, Unified Communications and Collaboration
2026-02-20 22:40:33 | SUCCESS  | 💎 OPPORTUNITY        |    Price: $132K - $194K
2026-02-20 22:40:33 | SUCCESS  | 💎 OPPORTUNITY        |    Stack: 
2026-02-20 22:40:33 | SUCCESS  | 💎 OPPORTUNITY        |    URL: https://reddit.com/r/jobboardsearch/comments/1raepsr/hiring_...
2026-02-20 22:40:33 | INFO     | ALERTING             | 📲 Sending Telegram alert...
2026-02-20 22:40:34 | INFO     | ALERTING             | ✓ Alert sent and saved to DB
2026-02-20 22:40:34 | DEBUG    | POST-290/310         | 📝 Processing: 📢 is [hiring] a Product Marketing &amp;amp; Strategy Directo...
2026-02-20 22:40:34 | DEBUG    | POST-290/310         | 🔍 Performing deep bot check for user: rrmdp
2026-02-20 22:40:37 | DEBUG    | POST-290/310         | 🎯 Relevance score: 32
2026-02-20 22:40:37 | INFO     | POST-290/310         | 🧠 Analyzing with Local AI (Ollama)...
2026-02-20 22:40:40 | SUCCESS  | 💎 OPPORTUNITY        | 🎉 HIGH VALUE FOUND! Score: 32
2026-02-20 22:40:40 | SUCCESS  | 💎 OPPORTUNITY        |    Title: Product Marketing & Strategy Director
2026-02-20 22:40:40 | SUCCESS  | 💎 OPPORTUNITY        |    Price: 
2026-02-20 22:40:40 | SUCCESS  | 💎 OPPORTUNITY        |    Stack: 
2026-02-20 22:40:40 | SUCCESS  | 💎 OPPORTUNITY        |    URL: https://reddit.com/r/jobboardsearch/comments/1raepd8/is_hiri...
2026-02-20 22:40:40 | INFO     | ALERTING             | 📲 Sending Telegram alert...
2026-02-20 22:40:41 | INFO     | ALERTING             | ✓ Alert sent and saved to DB
2026-02-20 22:40:41 | DEBUG    | POST-291/310         | 📝 Processing: [Hiring] Urgent : Male Part-Time Virtual Assistants Needed (...
2026-02-20 22:40:41 | DEBUG    | POST-291/310         | 💤 Already seen - skipping
2026-02-20 22:40:41 | DEBUG    | POST-292/310         | 📝 Processing: Hiring remote workers...
2026-02-20 22:40:41 | DEBUG    | POST-292/310         | 🔍 Performing deep bot check for user: Comfortable_Tip_9562
2026-02-20 22:40:43 | DEBUG    | BOT_DETECTOR         | 🤖 Low karma: 14 for Comfortable_Tip_9562
2026-02-20 22:40:43 | WARNING  | POST-292/310         | 🤖 Deep Bot Detected: low_karma_14
2026-02-20 22:40:43 | DEBUG    | POST-293/310         | 📝 Processing: [Hiring] [Remote] Web developers, Dev Ops $70-$150 / hr...
2026-02-20 22:40:43 | DEBUG    | POST-293/310         | 💤 Already seen - skipping
2026-02-20 22:40:43 | DEBUG    | POST-294/310         | 📝 Processing: [HIRING] a Graphic Designer - (Remote, Global - Poland - Phi...
2026-02-20 22:40:43 | DEBUG    | POST-294/310         | 💤 Already seen - skipping
2026-02-20 22:40:43 | DEBUG    | POST-295/310         | 📝 Processing: 📢 is [hiring] a Senior Portfolio Marketing Manager - Renisha...
2026-02-20 22:40:43 | DEBUG    | POST-295/310         | 💤 Already seen - skipping
2026-02-20 22:40:43 | DEBUG    | POST-296/310         | 📝 Processing: 📢 is [hiring] a Senior Marketing Manager, NIPT - Natera - Sa...
2026-02-20 22:40:43 | DEBUG    | POST-296/310         | 💤 Already seen - skipping
2026-02-20 22:40:43 | DEBUG    | POST-297/310         | 📝 Processing: 📢 is [hiring] a Senior Marketing Operations Manager - Wistia...
2026-02-20 22:40:43 | DEBUG    | POST-297/310         | 💤 Already seen - skipping
2026-02-20 22:40:43 | DEBUG    | POST-298/310         | 📝 Processing: 📢 is [hiring] a Product Marketing Manager - Qualia - Austin,...
2026-02-20 22:40:43 | DEBUG    | POST-298/310         | 💤 Already seen - skipping
2026-02-20 22:40:43 | DEBUG    | POST-299/310         | 📝 Processing: [HIRING] a Associate Director, Unified Communications and Co...
2026-02-20 22:40:43 | DEBUG    | POST-299/310         | 💤 Already seen - skipping
2026-02-20 22:40:43 | DEBUG    | POST-300/310         | 📝 Processing: 📢 is [hiring] a Product Marketing &amp;amp; Strategy Directo...
2026-02-20 22:40:43 | DEBUG    | POST-300/310         | 💤 Already seen - skipping
2026-02-20 22:40:43 | DEBUG    | POST-301/310         | 📝 Processing: [Hiring] Urgent : Male Part-Time Virtual Assistants Needed (...
2026-02-20 22:40:43 | DEBUG    | POST-301/310         | 💤 Already seen - skipping
2026-02-20 22:40:43 | DEBUG    | POST-302/310         | 📝 Processing: Hiring remote workers...
2026-02-20 22:40:43 | DEBUG    | POST-302/310         | 🔍 Performing deep bot check for user: Comfortable_Tip_9562
2026-02-20 22:40:46 | DEBUG    | BOT_DETECTOR         | 🤖 Low karma: 14 for Comfortable_Tip_9562
2026-02-20 22:40:46 | WARNING  | POST-302/310         | 🤖 Deep Bot Detected: low_karma_14
2026-02-20 22:40:46 | DEBUG    | POST-303/310         | 📝 Processing: [Hiring] [Remote] Web developers, Dev Ops $70-$150 / hr...
2026-02-20 22:40:46 | DEBUG    | POST-303/310         | 💤 Already seen - skipping
2026-02-20 22:40:46 | DEBUG    | POST-304/310         | 📝 Processing: [HIRING] a Graphic Designer - (Remote, Global - Poland - Phi...
2026-02-20 22:40:46 | DEBUG    | POST-304/310         | 💤 Already seen - skipping
2026-02-20 22:40:46 | DEBUG    | POST-305/310         | 📝 Processing: 📢 is [hiring] a Senior Portfolio Marketing Manager - Renisha...
2026-02-20 22:40:46 | DEBUG    | POST-305/310         | 💤 Already seen - skipping
2026-02-20 22:40:46 | DEBUG    | POST-306/310         | 📝 Processing: 📢 is [hiring] a Senior Marketing Manager, NIPT - Natera - Sa...
2026-02-20 22:40:46 | DEBUG    | POST-306/310         | 💤 Already seen - skipping
2026-02-20 22:40:46 | DEBUG    | POST-307/310         | 📝 Processing: 📢 is [hiring] a Senior Marketing Operations Manager - Wistia...
2026-02-20 22:40:46 | DEBUG    | POST-307/310         | 💤 Already seen - skipping
2026-02-20 22:40:46 | DEBUG    | POST-308/310         | 📝 Processing: 📢 is [hiring] a Product Marketing Manager - Qualia - Austin,...
2026-02-20 22:40:46 | DEBUG    | POST-308/310         | 💤 Already seen - skipping
2026-02-20 22:40:46 | DEBUG    | POST-309/310         | 📝 Processing: [HIRING] a Associate Director, Unified Communications and Co...
2026-02-20 22:40:46 | DEBUG    | POST-309/310         | 💤 Already seen - skipping
2026-02-20 22:40:46 | DEBUG    | POST-310/310         | 📝 Processing: 📢 is [hiring] a Product Marketing &amp;amp; Strategy Directo...
2026-02-20 22:40:46 | DEBUG    | POST-310/310         | 💤 Already seen - skipping
2026-02-20 22:40:46 | INFO     | REPORTING            | 📊 Generating HTML report...
2026-02-20 22:40:46 | INFO     | REPORTING            | ✓ Reports saved to report.html and report.csv
2026-02-20 22:40:46 | INFO     | SUMMARY              | ================================================================================
2026-02-20 22:40:46 | INFO     | SUMMARY              | 📈 CYCLE COMPLETE - Statistics:
2026-02-20 22:40:46 | INFO     | SUMMARY              |    Total posts processed: 310
2026-02-20 22:40:46 | INFO     | SUMMARY              |    ❌ Already seen: 24
2026-02-20 22:40:46 | INFO     | SUMMARY              |    ❌ Bots detected: 11
2026-02-20 22:40:46 | INFO     | SUMMARY              |    ❌ Wrong intent: 212
2026-02-20 22:40:46 | INFO     | SUMMARY              |    ❌ Spam/scam detected: 6
2026-02-20 22:40:46 | INFO     | SUMMARY              |    ❌ Duplicates: 0
2026-02-20 22:40:46 | INFO     | SUMMARY              |    ❌ Low relevance: 22
2026-02-20 22:40:46 | INFO     | SUMMARY              |    ❌ AI rejected: 2
2026-02-20 22:40:46 | INFO     | SUMMARY              |    ✅ HIGH VALUE OPPORTUNITIES: 33
2026-02-20 22:40:46 | INFO     | SUMMARY              | ================================================================================
